seed,step,n_active,delta_ms,w_ms,bookkeeping_ms,total_ms,s_delta,t_adj,n_updates
0,0,135475,20.649374999990755,0.311791000001449,0.17120900000122674,21.13287500000638,1,5,134
0,1,135476,11.293707999996627,18.022458999993773,13.715042000001176,43.03266700000563,0,29,10960
0,2,135477,11.594124999987798,1.1006659999992507,0.8008750000101372,13.496250000002874,1,10,564
0,3,135478,11.632625000004282,4.355875000001674,3.2911249999898473,19.280084000001807,0,13,2684
0,4,135479,11.60354200000313,74.4583330000097,67.26749999999981,153.3312499999937,0,19,43164
0,5,135480,12.525957999997672,2.194583000004968,1.0762499999970032,15.797875000004069,0,5,938
0,6,135481,11.20408399999917,0.6758749999988822,0.3406659999996009,12.221666000002074,1,17,264
0,7,135482,11.305500000005964,0.47395800000060717,0.3120410000008178,12.092375000008815,3,12,240
0,8,135483,11.421625000011204,3.0415420000053928,1.9845420000024205,16.44829200000686,0,39,1580
0,9,135484,11.238417000001277,39.959583000012344,36.183375000007345,87.38274999998907,0,29,24720
0,10,135485,11.506750000009447,0.46366700000533,0.1207509999829881,12.091957999999181,0,6,80
0,11,135486,11.600291999997125,1.238125000000423,0.816334000006691,13.655292000009922,8,12,632
0,12,135487,11.346625000001609,96.53137499999787,84.05808300000217,191.9380000000075,0,37,57788
0,13,135488,16.641458999998804,11.144250000000966,7.7082499999932,35.49558299999944,1,16,6170
0,14,135489,11.468375000006858,36.21375000000171,30.945999000010715,78.62987500000429,0,14,22052
0,15,135490,20.96079100000736,2.6852909999917074,1.4864579999880334,25.133624999995163,3,10,1218
0,16,135491,11.663458000001015,14.456084000002534,11.410624999996344,37.53216600000542,3,30,8886
0,17,135492,11.81425000000047,12.448708999997393,11.01941599999634,35.28425000000368,0,4,7434
0,18,135493,11.699375000006285,0.21529199999292814,0.06141699999773209,11.97729200001163,0,5,32
0,19,135494,11.621415999996998,4.821665999998004,3.6032080000012456,20.047916999999416,4,19,2928
0,20,135495,11.58191599999725,0.1749580000023343,0.09237400000472462,11.850542000004793,2,4,48
0,21,135496,11.358958000002417,0.10141600000679318,0.05104199999550474,11.512334000002511,0,5,26
0,22,135497,12.062499999998977,1.205417000008424,0.6626249999897027,13.931709000004844,0,16,588
0,23,135498,12.047167000005743,0.7787079999985735,0.5310410000021193,13.35799999999665,24,29,370
0,24,135499,11.691167000009273,0.2927919999962114,0.20837499999970532,12.193290999988449,2,5,160
0,25,135500,11.580458000011618,0.06812499999853117,0.03612399999042282,11.68599999999742,1,2,8
0,26,135501,11.624999999995111,0.2559999999931506,0.14625100000387192,12.02816699999687,7,17,98
0,27,135502,11.628584000007436,0.14737500001160697,0.0687909999896874,11.84591700000226,0,6,42
0,28,135503,11.857917000000384,36.63412500000618,37.58033300000818,86.07429099998853,0,12,22906
0,29,135504,11.843708000000674,0.6171670000014728,0.2225409999994099,12.684041999989404,3,8,158
0,30,135505,11.541041000000973,0.2529159999937747,0.19275000001073295,11.987500000003593,0,2,136
0,31,135506,20.608167000006006,0.05654199999582943,0.019541999989769465,20.684916000007547,1,3,4
0,32,135507,11.34208300000239,0.7158330000009983,0.4808340000010958,12.539832999991063,0,5,394
0,33,135508,11.987832999992065,0.13925000000369891,0.08316599999602658,12.211042000004113,2,6,50
0,34,135509,11.607459000003928,1.474125000001436,1.0758750000121609,14.158457999997154,4,13,890
0,35,135510,11.43541700000128,6.214334000006261,4.517500000005725,22.16854099999921,0,22,3676
0,36,135511,11.44833300000414,0.3515420000042013,0.2197090000066737,12.020125000006487,0,6,148
0,37,135512,11.293499999993628,0.13149999999484407,0.0844579999892403,11.510417000010875,0,3,54
0,38,135513,11.556708000000526,1.404790999998795,0.9979159999886633,13.95970800000157,1,11,826
0,39,135514,11.315541000001872,0.12258299999245992,0.09108300001514635,11.529666999990695,2,3,44
0,40,135515,11.346458000005555,0.17108299999790688,0.10904100000175276,11.627458999996065,0,4,80
0,41,135516,12.094040999997446,0.3241250000058926,0.2212920000062013,12.640833000006069,4,7,150
0,42,135517,12.660624999995207,33.92458400000464,34.12125100001617,80.70800000000133,1,23,21126
0,43,135518,12.902125000010756,0.9331669999994574,0.5332500000037044,14.369832999989285,0,4,370
0,44,135519,11.48529099999962,10.740291000004731,9.043208999997887,31.270208999998772,1,10,6620
0,45,135520,11.324749999999995,0.306957999995916,0.1511669999985088,11.783291000000418,0,5,110
0,46,135521,11.040625000006798,0.5738750000006121,0.4583749999937936,12.07362499999931,0,9,318
0,47,135522,25.306666999995286,0.40641600000412836,0.2815410000067686,25.99529200000461,5,8,198
0,48,135523,11.309832999998548,0.12562499999546617,0.09133199999666886,11.527291999996692,0,2,60
0,49,135524,11.00233399999695,0.051834000004191694,0.026667000014413134,11.081582999992179,0,4,6
0,50,135525,11.009999999998854,1.2812920000015993,0.8596670000144968,13.151207999996473,0,15,706
0,51,135526,11.294250000005945,0.12458300000162126,0.07833300000470445,11.498166999999171,0,3,48
0,52,135527,11.369457999990118,0.9794169999963742,0.6686250000029759,13.018292000012366,2,9,568
0,53,135528,11.479124999993928,0.06320800000025883,0.03191700000115816,11.574875000007978,0,2,14
0,54,135529,11.494583000001057,1.2977500000062037,0.789375999985964,13.582624999997961,0,31,672
0,55,135530,11.330999999998426,5.0287920000045006,3.921750000003499,20.282459000000586,0,3,2994
0,56,135531,11.227292000000944,0.13700000000937962,0.06837399999426452,11.433999999994171,2,4,32
0,57,135532,11.16104200001189,0.0565839999921991,0.03862500000195723,11.257125000000201,0,3,12
0,58,135533,10.945458000009012,0.7182499999913716,0.4841659999925696,12.148374999995326,0,10,400
0,59,135534,11.544666000006032,0.19420900000000074,0.1254579999994121,11.86516699999629,1,4,94
0,60,135535,10.707707999998206,15.387790999994877,11.698249999994914,37.79433400001153,0,9,9612
0,61,135536,11.464125000003378,0.21266699999955563,0.05429199998729928,11.731375000010758,0,4,34
0,62,135537,11.274834000005285,0.07983300000091731,0.0543339999978798,11.409541999995554,0,2,34
0,63,135538,18.663750000001755,21.717417000004957,17.381041999996683,57.76337499999329,0,25,13578
0,64,135539,11.298792000005164,0.4535000000061018,0.1967079999900534,11.949375000000373,1,5,150
0,65,135540,11.33633399999212,0.17174999999269858,0.09433399999636549,11.602666000001705,0,5,72
0,66,135541,11.28362500000435,0.2763749999985521,0.17087499999490774,11.731374999996547,0,4,130
0,67,135542,11.044083000001592,0.21416599999213304,0.12504200000762467,11.383832999996457,0,5,96
0,68,135543,11.30425000000912,0.16108299999473275,0.11679099999639675,11.582583999995677,1,3,82
0,69,135544,11.146124999996232,0.5972499999984393,0.344917000006717,12.089333000005809,0,10,276
0,70,135545,11.102624999992372,0.7556669999928545,0.5813759999995227,12.440458000000376,0,14,418
0,71,135546,11.083999999996763,0.07808300000533563,0.03166700000178935,11.194166999999311,1,5,18
0,72,135547,11.249332999994976,0.03737500000511318,0.020750000004454705,11.308209000006286,1,2,8
0,73,135548,11.20083300000374,0.6942920000057029,0.4691249999950742,12.365416999998047,2,11,364
0,74,135549,11.043208000003801,0.06558300000847339,0.034583000015686594,11.143666999998914,1,3,16
0,75,135550,11.175457999996752,0.43937499999913143,0.2731670000031272,11.888749999997117,6,16,196
0,76,135551,11.853540999993584,48.23129100000756,45.82737500000178,105.91374999999914,1,13,30146
0,77,135552,11.175499999993121,0.9141250000084256,0.3565829999985226,12.446624999995493,0,10,290
0,78,135553,10.925667000009298,0.8403749999956744,0.6429580000002488,12.409749999989117,0,4,494
0,79,135554,17.905999999996425,0.11491699999055527,0.06462399998952151,18.08637499999577,0,3,42
0,80,135555,10.979165999998486,22.819666000003735,19.07662499999674,52.876666999992494,0,14,14450
0,81,135556,11.110333999994282,0.9304579999991347,0.5056259999918211,12.546708000002127,1,7,400
0,82,135557,11.401207999995222,0.6655829999999696,0.46091699999806224,12.528625000001625,1,11,358
0,83,135558,11.329375000002528,0.1877910000018801,0.10545799999306382,11.623458999991954,0,5,78
0,84,135559,11.251500000000192,1.270958000006317,1.0229580000071792,13.546333999997273,1,6,760
0,85,135560,11.81429199999684,0.1962909999946305,0.10791699999401771,12.118916000005697,5,11,74
0,86,135561,11.572416999996449,0.11166700001297158,0.07558299999743667,11.760292000005279,6,7,48
0,87,135562,11.394832999997107,7.481124999998201,5.661791999997945,24.53829200000257,0,13,4638
0,88,135563,11.151417000007768,0.9350419999947235,0.6668320000073891,12.753625000001989,0,8,500
0,89,135564,11.414165999994452,32.16808400000559,26.383582999983446,69.96679200000244,2,23,19852
0,90,135565,11.537666999998919,0.39533300000016425,0.12454100000525159,12.058333000013022,0,4,76
0,91,135566,11.260333000009837,2.4252500000017108,1.9018750000014961,15.588582999995992,0,5,1626
0,92,135567,11.020958000003134,3.8419999999916854,2.597749999978305,17.461833000012916,2,22,2194
0,93,135568,11.109167000000753,0.13320800000826694,0.058541999990779914,11.301375000002167,4,7,34
0,94,135569,11.33674999999812,0.46720800000343843,0.34558299999787323,12.149833999998805,0,6,254
0,95,135570,19.038332999997465,0.48537499999667943,0.3606670000095846,19.885125000001835,0,2,270
0,96,135571,11.534834000002547,31.362791000006496,26.476333999994495,69.37504200000433,1,12,19758
0,97,135572,11.444249999996714,8.110791000007112,6.253791999995428,25.810083999999733,0,5,4736
0,98,135573,13.288791000007905,0.15629199999978027,0.05362399998887213,13.500042000003987,1,4,18
0,99,135574,11.331208000001425,0.2946660000020529,0.20295799998848452,11.82954200000097,1,4,150
0,100,135575,11.34208300000239,44.5168339999924,40.168958000009525,96.02937500000053,8,17,27752
0,101,135576,11.230499999996368,0.7282499999945458,0.2507499999921947,12.210082999999372,2,5,190
0,102,135577,11.178333999993129,0.7022079999927655,0.5480420000054664,12.428999999997359,0,11,388
0,103,135578,11.22370800000283,0.058917000004043985,0.028623999995147642,11.311542000001396,0,3,14
0,104,135579,11.247084000004293,1.7114999999989777,1.3412919999922224,14.30024999999091,11,15,1032
0,105,135580,11.33670800000175,3.497499999994602,2.5229580000001306,17.357709000009436,0,9,2010
0,106,135581,11.118207999999186,0.09316700000283618,0.042708000009383795,11.254667000002883,0,2,24
0,107,135582,11.230499999996368,0.16549999999426745,0.11241699999686716,11.509250000003135,0,5,80
0,108,135583,11.392833000002156,39.26937500000349,35.58345700000132,86.2468750000005,1,11,24634
0,109,135584,11.685833000001367,0.45920899999885023,0.12941600000715425,12.275333999994587,2,4,84
0,110,135585,11.118207999999186,0.11370899999008088,0.06945799999868996,11.302334000006908,0,4,44
0,111,135586,21.014917000002242,0.44083299999897463,0.2574590000108401,21.713708999996584,0,11,204
0,112,135587,11.357666999998628,2.8973340000106873,1.9888340000022708,16.24462499999879,0,23,1644
0,113,135588,11.14975000000129,0.14662499999928968,0.06929099998842503,11.366084000002274,1,4,42
0,114,135589,11.379333999997243,1.1457079999956932,0.8618750000124464,13.387249999993855,0,7,670
0,115,135590,11.215749999990976,0.2343750000051159,0.14445900001192058,11.59495800000343,0,5,104
0,116,135591,11.2726250000037,1.522291000000564,1.1388750000094205,13.934375000005161,0,4,886
0,117,135592,11.106624999996484,0.1872090000034632,0.11825000001408625,11.41249999999161,1,4,78
0,118,135593,11.407417000000919,1.1861250000038126,0.7282090000018115,13.322500000001014,0,21,590
0,119,135594,11.096291999990626,0.4252920000027416,0.23091799999974683,11.75341599999058,0,19,156
0,120,135595,11.737249999995925,5.1527500000077,3.8911250000097652,20.781584000005182,1,18,3054
0,121,135596,11.112208000000123,24.26170899998681,19.259708999996406,54.63500000000465,0,27,14824
0,122,135597,10.730457999997611,13.779540999991013,10.876583000012374,35.38737500001332,0,61,8064
0,123,135598,11.49387499999932,69.92879100000948,67.83483299999205,149.2587919999977,4,13,43776
0,124,135599,11.766291000000706,0.6522500000016862,0.07745799999270275,12.496874999996521,0,3,46
0,125,135600,11.757457999991061,0.16824999998732437,0.1305410000043139,12.057583000000704,2,4,68
0,126,135601,11.802916999997137,0.053041999990455224,0.026458000007778537,11.883333000000107,0,3,10
0,127,135602,18.56637500000602,0.0565830000027745,0.03499999999689862,18.658833999992908,0,3,14
0,128,135603,11.687874999992687,1.6300839999985328,1.1214159999894946,14.440167000003612,3,20,914
0,129,135604,11.093208000005461,38.43345800000009,31.019833000001995,80.5480830000107,0,26,23696
0,130,135605,11.363916999997059,0.3492499999993015,0.030042000005892078,11.74379100000067,0,4,14
0,131,135606,11.487250000001836,0.17149999999332977,0.10220899999069388,11.761542000002123,0,4,56
0,132,135607,11.197166000002312,7.815291000000002,5.855917000005206,24.869334000001686,0,13,4766
0,133,135608,11.342292000009024,2.1735830000011447,1.4062070000022686,14.922500000011496,0,31,1160
0,134,135609,11.060083000003829,24.108624999996664,19.54112499998928,54.71124999999688,1,36,15180
0,135,135610,11.34862499999656,0.2727499999934935,0.047625000007656126,11.669624999996131,0,4,24
0,136,135611,11.044500000011226,1.7663750000025402,1.1847910000000184,13.996417000001316,2,19,966
0,137,135612,11.440208000010443,0.11199999998723342,0.04549999999881038,11.59837500000549,2,4,24
0,138,135613,11.668583000002286,61.20120799999995,58.207082999999216,131.07804199999862,2,28,38894
0,139,135614,11.189584000007358,4.77283400000772,3.179834000007986,19.14295800000332,0,12,2620
0,140,135615,11.33229199999164,0.10391700000411674,0.0519580000144515,11.488916999994103,3,5,28
0,141,135616,10.930833000003304,0.46474999999190914,0.33112500000243017,11.72729199998912,1,8,254
0,142,135617,11.426999999997633,0.7816250000018954,0.5399990000114485,12.74895899999251,1,5,434
0,143,135618,18.80820799999583,0.12291699999877892,0.06720800000437066,18.998832999997717,3,6,46
0,144,135619,10.991916999998352,1.5361250000012205,1.1625830000099313,13.691124999994031,0,2,874
0,145,135620,11.17795799999044,2.2105420000002596,1.7393740000102298,15.128375000003302,0,6,1382
0,146,135621,11.418792000000622,0.07245899999475114,0.030082999998626292,11.521749999999997,1,3,16
0,147,135622,11.163541999991367,0.35975000000121327,0.2257919999948399,11.749750000006998,0,4,164
0,148,135623,11.427832999999055,0.2335840000000644,0.15266699999472166,11.814874999998892,0,6,112
0,149,135624,11.39608299999395,18.36554199999796,14.79779200001019,44.55995799999357,0,8,11534
0,150,135625,11.162249999998153,6.741832999992425,5.41866700000071,23.324000000002343,0,3,4102
0,151,135626,11.460291000005896,75.19329199999447,73.6242920000052,160.27966699999752,0,19,47716
0,152,135627,12.298125000000937,2.384583999997858,1.2993329999915204,15.982958999998687,1,7,1076
0,153,135628,11.296041999997897,0.7827919999954247,0.5622500000015407,12.641916999996283,1,4,426
0,154,135629,11.161417000010943,14.334875000002967,11.156333000002405,36.653165999993575,0,23,8894
0,155,135630,11.183458000004975,1.055374999992864,0.5338330000057567,12.773499999994442,0,41,428
0,156,135631,11.42150000001152,23.88695800000562,23.532958999993525,58.84237499999756,0,7,15086
0,157,135632,11.633666999998127,4.4334579999940615,2.9519580000112455,19.01966699999491,0,21,2382
0,158,135633,11.56595900000923,0.7105830000000424,0.3962500000085356,12.673542000001703,0,5,310
0,159,135634,21.827167000012082,14.159875000004263,11.872207999999773,47.86074999999812,0,12,8600
0,160,135635,11.948875000001635,12.451834000003714,10.00766599999281,34.409375000009845,1,7,7360
0,161,135636,11.351083999997513,1.0194159999912245,0.6205419999929518,12.991499999998268,0,8,508
0,162,135637,11.825167000012016,15.732416000005855,12.955833999996003,40.51562499999761,2,15,9702
0,163,135638,11.525708999997164,0.6719160000017155,0.3539580000051501,12.552124999999137,0,10,280
0,164,135639,11.262208000005103,0.12358400000778147,0.08975000000077671,11.476708000003555,2,4,50
0,165,135640,11.429583999998272,0.11029099999859682,0.06387499999505053,11.604542000000606,1,6,40
0,166,135641,11.769000000001029,15.04637499999717,7.237958000004596,34.05416699999364,0,318,6286
0,167,135642,11.907292000003622,0.13074999999673764,0.02274999999940519,12.061207999991552,0,2,8
0,168,135643,11.011374999995382,4.923292000000856,3.3690829999954985,19.304958999995847,0,26,2854
0,169,135644,11.251040999994188,0.1718329999960133,0.08624899999176705,11.509791999998242,2,5,56
0,170,135645,11.278167000000394,0.5879170000042677,0.3231250000084174,12.189667000001236,0,12,248
0,171,135646,11.52125000000126,4.830166000004965,4.062417000000096,20.415416000005848,0,3,2962
0,172,135647,11.352999999999724,0.16983399999048743,0.08537400000818707,11.60920899999951,1,3,46
0,173,135648,11.291791999994416,0.04037499999753891,0.019667000003664725,11.352415999994037,0,2,6
0,174,135649,11.360875000008264,2.5735830000002125,2.0628740000034895,15.997959000003448,5,8,1598
0,175,135650,18.75220800000932,0.1447090000112894,0.08745899999951234,18.984958000004326,0,2,56
0,176,135651,11.293792000003577,1.6973339999992731,1.2897080000016103,14.281374999995933,1,12,1008
0,177,135652,11.075542000000382,0.04716600000165272,0.017958000000817265,11.141042000005541,0,2,6
0,178,135653,11.218541000005189,0.47391599999002665,0.3144579999911912,12.007707999998729,0,6,256
0,179,135654,11.113291000000913,1.33550000001037,0.8594159999972817,13.308749999993097,7,20,730
0,180,135655,10.888458000010814,0.0623339999918926,0.030667000004314104,10.982084000005443,2,4,12
0,181,135656,11.471916000004967,2.6925410000018246,1.8344169999977566,15.999167000003922,0,47,1466
0,182,135657,11.215125000006765,0.030041000002256624,0.008915999984537848,11.25516700000162,0,1,0
0,183,135658,11.35512500000857,78.58333400000106,76.2956250000002,166.23545800000272,0,26,50186
0,184,135659,11.469249999990438,51.47104200000285,43.743042000002674,106.68587500001081,1,49,31834
0,185,135660,11.374333999995656,0.4667909999938047,0.04116699999201501,11.882958000001054,0,2,18
0,186,135661,11.19095800000025,70.99000000000899,71.06883299999822,153.25166600000273,0,7,45464
0,187,135662,11.342791999993551,0.7483750000005784,0.10670799998990788,12.198541000003615,0,8,70
0,188,135663,11.357083999996576,0.048082999995813225,0.026041999987569397,11.431625000000167,0,2,10
0,189,135664,10.94458299999701,0.057749999996303814,0.03958300000306281,11.042874999986907,0,4,10
0,190,135665,11.221917000000303,0.06595800000752661,0.03887499998711519,11.327249999993683,0,3,22
0,191,135666,17.903291999999738,0.23520799999232622,0.14795799999944848,18.287209000007465,1,7,106
0,192,135667,11.27375000000086,0.12437499999862212,0.07520899998780806,11.474124999992341,0,4,52
0,193,135668,11.562333000000535,0.7027089999951386,0.5122090000071466,12.778166999993346,0,6,408
0,194,135669,11.252167000009194,0.3361249999898064,0.23970799999517567,11.828624999992599,2,3,166
0,195,135670,11.250332999992452,0.08229199998766035,0.04675099999928989,11.380209000009245,0,3,26
0,196,135671,11.383749999993142,0.1171249999885049,0.07674999999096599,11.577958999993143,1,5,48
0,197,135672,11.268792000009853,2.461833000012348,1.8215839999982109,15.552874999997357,2,6,1452
0,198,135673,11.222541999998725,0.35208400001351947,0.2355830000055903,11.810457999999358,1,6,170
0,199,135674,11.261000000004628,0.05041599999344726,0.027958999993416,11.339750000004756,0,2,14
0,200,135675,11.117083000002026,0.05758300000024974,0.035916000015845384,11.211083000006283,1,3,16
0,201,135676,11.115291000010075,3.681249999999636,2.7646249999833117,17.561666999995396,1,13,2246
0,202,135677,11.061083999990728,0.2406660000104921,0.12854199999878801,11.430541999999377,7,10,82
0,203,135678,11.622625000001108,0.4760839999988775,0.3233759999972108,12.422374999999874,0,5,252
0,204,135679,11.562875000009853,1.044749999991268,0.8179170000062186,13.426166000002127,0,8,602
0,205,135680,10.96204099999909,0.2142919999954529,0.1297499999992624,11.30645800000707,1,6,92
0,206,135681,10.938957999997001,0.16070899999931498,0.10308400000269557,11.203875000006747,0,4,64
0,207,135682,17.668666999995253,0.06375000000957698,0.038457999991692304,17.771875000008208,0,4,16
0,208,135683,11.309125000011022,0.036041999990743534,0.0148750000050768,11.360541000001945,0,3,4
0,209,135684,11.269665999989797,1.0923340000061899,0.6867929999998523,13.049875000007205,0,13,578
0,210,135685,11.449834000003989,0.266541999991432,0.1981679999971675,11.915625000000318,1,4,130
0,211,135686,11.208959000001073,21.9612920000003,17.49595900001566,50.66704099999697,7,23,13728
0,212,135687,11.472667000006709,61.4314160000049,61.777792000000886,134.68312500000934,1,7,39124
0,213,135688,11.406499999992548,0.5185830000016267,0.021374999988665877,11.947124999991843,0,2,6
0,214,135689,11.576207999993926,47.868207999997026,45.79145799999651,105.23658399999647,2,22,29966
0,215,135690,11.195292000010681,12.098625000007246,7.235500000007278,30.530542000008154,0,239,6150
0,216,135691,11.415709000004881,0.29654200000095443,0.1654590000157441,11.878084000002787,4,7,98
0,217,135692,11.519332999995413,5.228333999994561,4.008124999998586,20.756125000005454,0,9,3156
0,218,135693,11.2659170000029,0.07366700000943638,0.018957999984081653,11.358917000009683,0,2,6
0,219,135694,11.444457999999713,0.07479199999238517,0.03900000000101045,11.559042000001796,2,3,16
0,220,135695,11.32683299999826,4.120666000005713,3.276999999997088,18.72533399999554,0,13,2636
0,221,135696,11.347416999996085,55.33950000000232,50.01754200000619,116.70604200000412,0,15,35066
0,222,135697,11.379542000000242,2.014832999989835,1.1802920000008044,14.575542000002883,0,3,894
0,223,135698,18.0905409999923,24.072208999996292,19.767417000011278,61.93104199999766,2,16,15072
0,224,135699,11.214541000001077,9.811749999997232,7.8199579999989055,28.847834000004013,0,6,5900
0,225,135700,10.79037499999913,13.200124999997342,11.072667000007641,35.06479200000001,1,8,8194
0,226,135701,11.234959000006484,2.9879169999986743,2.2728340000099934,16.496166999999673,0,5,1820
0,227,135702,11.399624999995694,21.155124999992836,17.344543000007207,49.90083299999526,0,29,13044
0,228,135703,10.42679200000407,0.2729579999964926,0.06554100001210372,10.765958999996883,3,5,40
0,229,135704,11.400249999994116,0.09129199999335924,0.05987599999457416,11.551874999994993,2,4,36
0,230,135705,11.178957999987915,0.13320899999769154,0.07758300000659801,11.390208000008784,1,7,44
0,231,135706,11.453166999999098,0.041208999988384676,0.023626000000831482,11.519083000010255,0,2,6
0,232,135707,11.282790999999293,0.16249999998763087,0.10125000000016371,11.547124999992775,3,6,74
0,233,135708,11.00883399999475,3.981667000005018,2.9285419999922624,17.919875000004026,3,8,2220
0,234,135709,11.264541000002737,0.07037500000706132,0.033041999998317806,11.368583000006538,1,3,8
0,235,135710,10.664042000001928,16.29591599999003,13.200417000007292,40.16191600000241,1,8,10066
0,236,135711,11.136333999999692,0.197416000006001,0.037750000004166395,11.371999999994387,0,2,18
0,237,135712,11.160082999992937,8.667791999997121,6.853582999994501,26.68179200000509,2,15,5524
0,238,135713,11.25620799999183,0.15725000000088585,0.041915999986485986,11.455750000010312,0,5,24
0,239,135714,17.913875000004964,1.1497919999925443,0.8287920000071836,19.89287499999648,0,16,692
0,240,135715,10.999832999999626,15.584000000004039,11.325126000002683,37.910416000002556,0,39,9596
0,241,135716,11.565250000003857,0.4499580000043579,0.18787500000883028,12.203499999998257,0,7,144
0,242,135717,11.230457999999999,0.8315420000002405,0.6415409999931398,12.704291999995121,1,5,494
0,243,135718,10.815041999990171,10.441374999999198,7.425873999977739,28.683624999999324,0,28,6352
0,244,135719,11.469790999996121,2.5430830000061633,1.6463329999965026,15.660500000009847,0,17,1370
0,245,135720,11.031415999994465,0.7115829999975176,0.44462600000372277,12.188208000011969,0,11,372
0,246,135721,11.141167000005225,1.5819999999990841,1.1659579999871994,13.889750000004142,0,7,932
0,247,135722,11.161417000010943,5.199875000002407,3.9057499999870515,20.267332999992504,0,12,3202
0,248,135723,11.332791999990377,0.8577079999980697,0.46241599999063965,12.653416000006246,0,33,374
0,249,135724,11.263208000002578,0.03329099999405116,0.013291999991338344,11.310249999993971,0,2,2
0,250,135725,11.638125000004607,0.18562500000030013,0.1140839999891341,11.93820800000367,0,6,84
0,251,135726,11.476082999990922,5.298916999990411,3.8760410000122647,20.651666999995655,1,10,3300
0,252,135727,11.533916999994176,0.23558299999137944,0.11695899999608628,11.887333000004219,0,6,82
0,253,135728,11.367625000005432,0.1344589999945356,0.0861240000062935,11.589082999989841,0,5,50
0,254,135729,11.221417000001566,0.07520799999838346,0.04679099998838865,11.344624999992448,2,4,26
0,255,135730,19.151333000010595,5.8640419999989035,4.436458000014909,29.452167000002305,0,10,3630
0,256,135731,11.04133399999796,0.14741700000797664,0.045624999998494786,11.235375000012482,0,5,24
0,257,135732,11.137958000006165,0.0069590000038033395,0.005458999993379621,11.15070899999182,0,1,0
0,258,135733,11.550167000009992,14.11254100000292,12.286459000009131,37.95012499999473,2,7,9036
0,259,135734,11.24866700000382,0.465958999996019,0.22045900000478014,11.936083000009035,0,6,162
0,260,135735,11.445167000005085,2.07029099999545,1.3828340000117123,14.898999999999774,0,10,1186
0,261,135736,11.021249999998872,0.19133300000362397,0.10137499999984811,11.314374999997767,1,6,74
0,262,135737,11.212584000006132,10.29112500000906,8.835167000000865,30.33937499999695,0,4,6486
0,263,135738,11.360624999994684,7.8147920000049,5.584874999982503,24.76112499999772,0,24,4796
0,264,135739,11.092042000001356,15.78658299999347,12.890624000007733,39.76966700000162,2,19,9922
0,265,135740,10.85562499999071,0.3099580000025526,0.10195800000190047,11.26816699999722,0,7,80
0,266,135741,11.058417000000986,8.464416999999003,6.67341699998758,26.19725000000983,0,9,5304
0,267,135742,11.023667000003456,0.5846250000018927,0.3053749999963884,11.913958999997476,18,24,244
0,268,135743,11.308708000001388,42.50574999998946,43.08537499998977,96.90145900000857,0,5,26928
0,269,135744,11.30054099999711,0.5061669999975038,0.11533299999655355,11.922374999997487,0,4,82
0,270,135745,11.314042000009294,28.210917000009772,26.98458300000084,66.51062499999227,0,3,18062
0,271,135746,18.368166000001906,4.03445800000668,2.8209160000045586,25.224459000000365,0,10,2264
0,272,135747,11.494166999995059,25.588541999994163,19.94683300000588,57.030291000003785,1,16,16320
0,273,135748,11.334291000011376,11.431290999993848,8.742208000001028,31.50845800000468,1,15,6916
0,274,135749,11.337249999996857,0.43937499999913143,0.24720700000102624,12.024208999989128,0,7,178
0,275,135750,11.14108400000191,14.477042000009988,11.567458000001807,37.18716699999902,2,16,8994
0,276,135751,11.446125000006191,0.41954099999941263,0.18649999999809097,12.053124999994225,0,8,142
0,277,135752,11.388084000003573,0.8477500000054761,0.5670840000107091,12.80333300000791,0,11,444
0,278,135753,11.248291999990556,0.04725000000860291,0.023251000001778266,11.3192080000033,1,2,8
0,279,135754,11.315625000008822,2.4936249999996107,1.7284580000023197,15.53808399999923,4,9,1412
0,280,135755,11.318416000008824,0.07104099999821756,0.022832999988509073,11.412625000005505,0,3,10
0,281,135756,11.40295899999444,36.71508400000789,34.363458999990826,82.48241600000483,0,14,23252
0,282,135757,10.906500000004371,0.5739589999933514,0.14308300001175667,11.62429100000395,1,6,92
0,283,135758,11.497832999992852,0.04987499998776457,0.022541999996406048,11.57129199999929,1,4,6
0,284,135759,11.421791999993047,3.698249999999348,2.678833000004488,17.79958300001283,1,16,2256
0,285,135760,11.036333000006948,0.7202080000041633,0.45654200000910805,12.213875000000485,1,12,342
0,286,135761,11.479124999993928,0.23108300000274085,0.1697499999977481,11.880542000000105,0,4,118
0,287,135762,18.386584000012363,0.06566599999757727,0.03274999998836847,18.48579100000336,0,4,16
0,288,135763,11.464207999992482,0.07120800000848249,0.041207999998960076,11.577082999991717,1,3,22
0,289,135764,11.187125000006404,0.6078750000000355,0.4160419999976739,12.21154199998864,0,10,326
0,290,135765,11.140582999999538,0.4556659999934709,0.3365419999994401,11.933249999998452,0,6,254
0,291,135766,11.238540999997326,0.03499999999689862,0.017916000004447596,11.291749999998046,0,2,6
0,292,135767,11.2661250000059,0.2885410000033062,0.1730419999859123,11.728458000007436,0,4,136
0,293,135768,11.155957999989141,11.223375000000146,8.827373999992005,31.207542000004196,0,17,6934
0,294,135769,11.403334000007703,0.4079579999967109,0.1789159999958656,11.990957999998386,1,10,142
0,295,135770,11.3852909999963,0.14008399999454468,0.09791700000505443,11.624250000011216,0,3,66
0,296,135771,11.177000000003545,0.1413749999983338,0.09554199999683988,11.414625000000456,0,3,66
0,297,135772,11.590874999996004,0.9245410000033871,0.5732910000091351,13.089209000000324,0,18,478
0,298,135773,11.311500000005026,0.0156669999995529,0.005958000002692643,11.333582999995429,0,1,0
0,299,135774,11.110957999989068,0.06191599999283426,0.0567080000024589,11.230249999997,0,2,18
0,300,135775,11.396916999999007,67.90245800000605,63.67945799999575,142.98012499999402,18,29,42906
0,301,135776,11.366207999998323,0.5406249999992951,0.015166999986604424,11.922458000000802,1,2,2
0,302,135777,11.022958000012295,0.8606250000013915,0.6487910000032571,12.532750000005421,0,8,494
0,303,135778,18.128666999999155,4.51733299999546,3.2992080000013857,25.94575000000532,0,10,2738
0,304,135779,11.3514999999893,0.04545800000244071,0.006083000002377048,11.403709000006756,0,1,0
0,305,135780,11.331499999997163,0.20924999999749616,0.1564989999849331,11.697749999996176,0,6,84
0,306,135781,11.422666000001414,53.7725829999971,53.13979100000665,118.33637499999838,5,17,34246
0,307,135782,11.233750000002374,0.6336249999918664,0.17216700001654317,12.040541000004623,0,4,134
0,308,135783,11.27691700000355,20.816040999989127,16.409749999994006,48.504125000008,0,9,12744
0,309,135784,11.561165999992795,7.773417000009886,5.4767080000033275,24.812209000003804,1,15,4600
0,310,135785,11.133166999997002,0.09899999999163356,0.02116600001045299,11.254209000000515,0,2,6
0,311,135786,12.13433299999167,0.3768339999936643,0.2845429999922544,12.796457999996846,0,2,232
0,312,135787,11.253541000002087,5.693417000003365,4.176376000003756,21.124291999996103,0,10,3454
0,313,135788,10.985417000000552,0.5066669999962414,0.3185829999949874,11.811792000003152,2,6,244
0,314,135789,11.342499999997813,0.10966700000381024,0.062249999984942406,11.515415999994616,0,5,36
0,315,135790,11.232166999988635,71.57987499999763,69.08354199998712,151.89650000000654,0,12,45472
0,316,135791,10.904791000001524,1.1214999999964448,0.35162399998966976,12.3787919999927,0,14,274
0,317,135792,11.552750000006995,84.59770800000399,80.10466700000052,176.25641700000472,0,84,52926
0,318,135793,11.352208000005248,1.2168749999972306,0.3571240000042053,12.92933300000243,1,5,194
0,319,135794,17.95724999999493,0.09375000000488853,0.059624999991569894,18.111582999992493,0,2,38
0,320,135795,11.343041000003495,0.09512500000141699,0.05441700000119454,11.493541999996637,2,5,28
0,321,135796,11.36612500000922,0.8334170000097174,0.6357079999901316,12.835666000000856,1,4,484
0,322,135797,10.579040999999734,9.454416000011179,7.505207999997765,27.53958400001011,1,6,5818
0,323,135798,11.176791000011121,0.24150000000133787,0.08020799998575967,11.499416999996015,0,3,52
0,324,135799,11.46587499999896,2.1394999999984066,1.3841250000012906,14.990666999992186,0,29,1172
0,325,135800,11.13112499999147,1.7594170000023723,1.1664580000143587,14.057374999993044,0,14,976
0,326,135801,10.7906249999985,0.5789169999985688,0.4044169999986025,11.774833999993461,0,6,326
0,327,135802,11.406249999993179,0.5292499999995925,0.3987500000022237,12.335792000001788,2,4,286
0,328,135803,11.287916000000564,79.90504199999293,66.14237499999831,157.33704200000886,0,275,47532
0,329,135804,11.21179099999381,0.6968329999921252,0.0648329999961561,11.974375000008308,0,3,36
0,330,135805,11.247166999993397,14.136958999998228,11.658124999996744,37.043375000010315,0,7,8886
0,331,135806,10.95762500000319,7.688457999989851,6.02437499999553,24.671375000011153,1,14,4626
0,332,135807,11.454125000000204,40.591332999994734,39.72879199999113,91.77579100000344,1,22,25492
0,333,135808,11.272000000005278,0.6045829999976604,0.229708999995637,12.107333000002996,0,4,160
0,334,135809,11.333249999992745,0.0401249999981701,0.021833000005244685,11.395915999997897,0,2,8
0,335,135810,23.8901249999941,0.04812499999218289,0.025374000003353103,23.964708999997697,1,3,8
0,336,135811,11.364416000006372,0.03379199999642424,0.018875000009188625,11.418083999998885,0,2,2
0,337,135812,11.392374999999788,0.08112499999413103,0.0538750000202981,11.528166999994482,0,2,34
0,338,135813,11.263124999999263,0.26229200000216224,0.15008399998350797,11.675958999987301,0,8,114
0,339,135814,11.32012499999746,0.08483300000250438,0.05108300000244981,11.457249999992314,0,4,18
0,340,135815,11.247624999995764,21.984083999996074,17.83350000000894,51.066750000003935,0,23,13738
0,341,135816,11.49733399999775,0.636166999996135,0.2822509999873546,12.416584000007447,1,4,210
0,342,135817,11.226624999991941,1.3877920000027189,1.0567909999963376,13.672041999996054,0,8,836
0,343,135818,11.363374999987741,14.122416999995835,9.857332999999358,35.34366600000283,3,24,8332
0,344,135819,10.930958000002988,0.8968329999987645,0.501999999983127,12.330832999992936,0,5,394
0,345,135820,11.491083999999319,1.0835409999998546,0.8029170000014574,13.378040999995733,0,2,658
0,346,135821,11.545624999996562,0.06866699999363846,0.03545900000290203,11.650833999993893,1,3,16
0,347,135822,10.974834000009537,0.07079099999884875,0.05045800000402778,11.096957999995993,0,3,22
0,348,135823,11.356957999993256,0.04020900000512029,0.023501000001147077,11.421624999996993,0,2,6
0,349,135824,11.317957999992245,0.4274579999901107,0.28549999998972453,12.031375000006506,0,7,222
0,350,135825,11.343707999998287,0.12591600000178005,0.062374000009413066,11.532625000000962,1,7,40
0,351,135826,28.292957999994428,0.4980840000001763,0.2985419999959049,29.090500000009456,0,6,234
0,352,135827,11.311500000005026,0.034792000008110335,0.016416000008234732,11.363375000001952,0,2,2
0,353,135828,11.197417000005316,0.2141669999957685,0.11154099999544087,11.52345799999921,3,10,78
0,354,135829,11.536375000005705,0.9781659999958947,0.676791000017829,13.191542000001277,0,18,538
0,355,135830,11.696417000010229,2.49370899999235,1.8722500000052378,16.06291699999929,0,4,1522
0,356,135831,11.157666999991989,0.5742090000069311,0.3975010000090151,12.129958000002716,0,8,304
0,357,135832,11.242875000007757,0.052749999994716745,0.028833999991206838,11.325250000012943,0,2,12
0,358,135833,11.16950000000827,0.26866700000027777,0.17187500000659384,11.610541999999668,0,9,126
0,359,135834,11.396415999996634,1.1205830000022843,0.5866669999932128,13.1042920000084,2,16,546
0,360,135835,11.401415999998221,6.254167000008692,4.892959000002861,22.549709000003304,0,6,3694
0,361,135836,11.312666999998555,20.02287500000932,17.75266600000691,49.08975000000737,0,23,12348
0,362,135837,12.871915999994599,0.8191249999924821,0.5569169999972701,14.249499999991144,0,10,322
0,363,135838,11.968166000002611,0.14266700000575838,0.09900100000947987,12.21070900000143,0,3,52
0,364,135839,11.398666999994589,0.08829100001150891,0.057584000003885194,11.545416000004138,0,3,30
0,365,135840,11.577208999995037,22.367666999997482,16.98716699999636,50.933374999999614,0,22,13980
0,366,135841,11.61445799999683,48.28583299999423,44.25358299999971,104.15620800000625,1,26,29986
0,367,135842,29.692917000005536,1.533917000003271,0.25512400000593516,31.484124999991536,0,7,174
0,368,135843,14.584624999997686,0.08041700000660512,0.04770799999676001,14.713958000001526,1,3,18
0,369,135844,11.50579199999413,0.8075410000003558,0.5089999999938755,12.824207999997839,1,8,388
0,370,135845,11.575292000003401,23.316332999996803,19.06050000000903,53.95324999999218,0,4,14522
0,371,135846,11.04037500000743,0.2582079999911002,0.03487500001142507,11.334332999993535,0,2,16
0,372,135847,11.295958999994582,20.473957999996628,15.977499000001671,47.74904099998878,0,57,12574
0,373,135848,11.66429199999186,0.22504100000730887,0.022916999995459264,11.913165999999364,0,3,8
0,374,135849,11.176415999997857,1.273792000006324,0.6976669999971818,13.15179199998795,0,17,614
0,375,135850,11.746291999997993,0.04766699998981494,0.019667000003664725,11.814791000006153,0,2,2
0,376,135851,11.469750000003387,16.08320799999774,13.998958999991373,41.5525840000015,1,13,10090
0,377,135852,11.656250000001478,0.7526250000040591,0.4250000000070031,12.835125000009384,2,8,324
0,378,135853,11.353291999995463,0.04087499999627653,0.01954099998613401,11.414458000004402,0,2,6
0,379,135854,11.27695899999992,0.04808300001002408,0.026375000018674655,11.352333000004933,1,3,8
0,380,135855,11.251666999996246,0.1643749999971078,0.0879170000018803,11.505415999991442,0,6,60
0,381,135856,11.230709000003003,0.9127910000046313,0.6447919999885698,12.788958000001571,1,4,492
0,382,135857,11.366917000003696,1.3836669999989226,1.0283749999899783,13.780208000000016,0,2,768
0,383,135858,27.679165999998645,0.4170839999915188,0.2682089999979098,28.365749999991863,0,7,202
0,384,135859,11.790833000006273,3.5914159999919093,2.988584000007677,18.371916999996074,0,11,2348
0,385,135860,11.486041000011937,0.34441700000797937,0.24412499999471038,12.075624999994261,2,7,180
0,386,135861,11.377582999998026,0.3929169999992155,0.26820900001212067,12.039500000000203,7,12,198
0,387,135862,10.6190830000088,0.058917000004043985,0.02599900000177513,10.704625000002466,1,4,12
0,388,135863,11.670084000002134,0.7135419999997339,0.5091249999935599,12.89370800000711,0,4,398
0,389,135864,11.58420800000215,0.17891699999950106,0.0803740000066,11.844209000003048,0,5,50
0,390,135865,11.192792000002783,47.307041000010486,42.09024899999747,100.59116700000459,0,47,29694
0,391,135866,11.044916999992438,0.513707999999724,0.056501000003095214,11.615707999993674,0,5,32
0,392,135867,11.505708000001391,0.07829199999775938,0.04904200000055425,11.63395800000444,0,2,22
0,393,135868,10.930082999990987,0.06033299999330666,0.036167000004638794,11.027125000012461,1,3,18
0,394,135869,10.87108300001205,0.09812499999384272,0.04812499997797204,11.018542000002185,0,4,24
0,395,135870,11.41591700000788,0.24979100000166454,0.16662500000563796,11.833290999987867,0,5,122
0,396,135871,11.292875000009417,2.4546659999913345,1.6682919999908563,15.41650000000061,0,19,1366
0,397,135872,11.21504200000345,0.980749999996533,0.7027079999915031,12.899165999996853,1,15,560
0,398,135873,11.210292000001232,0.6535829999876341,0.34120699999107273,12.205708000010418,0,18,288
0,399,135874,22.293541000010464,0.1979580000011083,0.13616599999011214,22.62841700000706,0,4,86
0,400,135875,11.297166999995056,0.44700000000830187,0.30800099999339636,12.052624999995487,0,7,246
0,401,135876,11.296291999997266,0.3150829999896132,0.202375000000643,11.814583000003154,0,6,154
0,402,135877,11.463167000002272,24.746458999999277,24.572624999990467,60.7830829999898,2,14,15486
0,403,135878,11.527999999998428,123.4024169999941,112.21345699999574,247.1451659999957,1,25,78204
0,404,135879,11.3150000000104,1.0414159999925232,0.09204200000567653,12.44937499998855,1,6,60
0,405,135880,11.342458999990868,87.63241600000526,81.47795800000779,180.45483299999887,0,35,55898
0,406,135881,11.530583999999067,0.9129580000006854,0.13745899998696132,12.581291000003603,2,8,96
0,407,135882,11.03795899999227,0.08166599999981372,0.049000000004184585,11.16941600000132,2,4,18
0,408,135883,11.568833000012546,7.017083999997453,5.801167999990753,24.387750000002484,0,6,4376
0,409,135884,11.37549999999976,0.4212500000022601,0.24491599999976188,12.04204199999026,0,4,190
0,410,135885,11.235041000006163,0.173916999997914,0.09775099999842496,11.507499999993342,4,10,64
0,411,135886,11.80229099999508,36.965082999998344,39.39991699999723,88.16862499999445,2,9,23684
0,412,135887,11.367124999992484,0.6664579999977605,0.08237500000518594,12.116792000000487,2,5,38
0,413,135888,11.068041999990896,0.0703329999964808,0.03633400000069287,11.175167000004649,0,3,16
0,414,135889,11.449958000000038,103.8437499999958,95.23054199999592,210.52516700000012,7,26,66744
0,415,135890,22.67620899999656,0.8656250000029786,0.006458000001430264,23.548916999999392,0,1,0
0,416,135891,11.256457999991198,0.0727079999904845,0.04112499999564534,11.370917000007807,0,3,24
0,417,135892,10.837915999999836,0.023374999997827217,0.012666999992916317,10.874541999996268,0,2,2
0,418,135893,11.07287499999643,0.5552920000013728,0.3199159999951462,11.949125000001004,0,18,248
0,419,135894,11.183541999997715,0.050625000000081855,0.02387499999656484,11.259084000002417,0,2,6
0,420,135895,11.081042000000707,0.05066599999281607,0.03783299999327028,11.17029099999911,1,3,10
0,421,135896,11.536792000001128,0.3129160000128195,0.22074999999688316,12.071124999991412,2,5,166
0,422,135897,11.265292000004479,0.3306249999894817,0.23108299998853,11.827332999999385,0,5,172
0,423,135898,11.35825000000068,0.05891600000040853,0.03599900001916012,11.453541999998151,0,2,18
0,424,135899,11.243667000002233,0.2840420000040922,0.1781240000013895,11.706125000003453,0,9,136
0,425,135900,11.14891699999987,2.8130830000066,2.0924580000070137,16.055124999994064,0,4,1672
0,426,135901,10.981000000001018,0.08158299999649898,0.0251260000112552,11.088165999993294,0,4,12
0,427,135902,11.514999999988618,86.42687500000079,81.32083299999238,179.26350000000468,1,31,54184
0,428,135903,11.410084000004872,70.68704100001355,61.31041699998718,143.40887499999155,2,79,43566
0,429,135904,12.067291999997565,3.5867080000002716,2.3870420000093873,18.042124999993803,2,5,1940
0,430,135905,11.070999999986952,85.04641700000093,79.91166599998678,176.0304579999996,0,21,54082
0,431,135906,26.772207999997022,76.91983300000516,67.09725000000333,170.7907079999984,1,46,47940
0,432,135907,12.48104200000455,64.09516600000131,64.15608400000394,140.73408299999812,1,13,40562
0,433,135908,11.60479099999634,1.2026250000047867,0.4965410000039583,13.3048329999923,17,20,392
0,434,135909,11.368583000006538,0.16841599999395385,0.08991600000740618,11.62745800000664,2,5,60
0,435,135910,11.387916999993308,25.98566700000049,21.44970899999521,58.82479100000637,0,15,16304
0,436,135911,11.2413340000046,0.2486669999939295,0.0206250000047703,11.511542000008035,0,2,6
0,437,135912,11.284833000004824,130.0120829999969,114.07900000000382,255.37741700000538,0,79,80712
0,438,135913,11.261417000000051,1.3962499999990996,0.2908339999976306,12.948999999991884,0,7,214
0,439,135914,11.743959000000359,63.13745899998935,62.36275000000546,137.24512500000685,0,12,40410
0,440,135915,11.33341700000301,0.6378329999989774,0.0945839999957343,12.066291000010665,0,2,60
0,441,135916,10.79712500001051,1.141582999991897,0.7800000000059981,12.719500000002881,20,24,628
0,442,135917,11.074833000009221,0.05487500000356249,0.02358400001867267,11.153875000005087,0,3,10
0,443,135918,11.571791000008602,41.45900000000324,31.783457999992493,84.8154170000015,0,85,25242
0,444,135919,11.47550000000308,0.4225830000024189,0.0524160000026086,11.950833000000216,1,3,30
0,445,135920,11.393749999996317,0.24391699999171124,0.14050000000054297,11.778790999997568,1,8,92
0,446,135921,11.449333000001616,0.10729100000617109,0.06395799999836527,11.621332999993683,0,4,34
0,447,135922,26.081042000001275,4.715458000006834,3.650165999999899,34.44766699999491,0,15,2920
0,448,135923,11.357500000002574,19.29229199998872,15.668875000002913,46.320416000000364,0,4,12022
0,449,135924,11.835458999996717,32.76579199999219,25.81279199998221,70.41524999999638,2,44,19934
0,450,135925,11.262250000001472,0.7859589999981154,0.39220899998326786,12.441542000004802,0,6,282
0,451,135926,11.490625000007526,12.188291000001072,9.870040999999219,33.550500000004035,0,12,7570
0,452,135927,11.40616600000044,0.342291000009709,0.17445900000723213,11.92391700000428,0,4,132
0,453,135928,11.148208000008708,1.5649159999924223,0.9396250000008877,13.653833999995868,2,23,778
0,454,135929,11.146916999990708,0.3082909999960748,0.22595900000510483,11.68200000000752,1,6,154
0,455,135930,11.205415999995694,0.07479099998874972,0.044541999997704806,11.325207999988152,1,3,26
0,456,135931,11.51691600000504,11.144666000006964,9.199667000004297,31.8620420000002,5,10,6966
0,457,135932,11.144874999999388,32.83129199999735,29.83099899998365,73.8083749999987,0,13,20610
0,458,135933,11.30816599999207,55.20391700000005,55.519040999996605,122.03254199999947,1,13,35192
0,459,135934,11.488958000001048,0.8572079999993321,0.32454099999768005,12.671374999996488,0,13,240
0,460,135935,11.143000000004122,0.07329199999617231,0.038666999984116046,11.255874999989146,0,3,24
0,461,135936,11.28254200000356,0.6383749999940846,0.4822919999867281,12.404166999999688,2,6,386
0,462,135937,11.413415999996346,37.6748340000006,37.02462500000081,86.11458299999697,1,21,23644
0,463,135938,19.19329100000766,35.38791699999422,35.45862500000396,90.04137499999842,1,9,22162
0,464,135939,11.210875000003284,0.3859170000026779,0.07974999999760257,11.67750000000467,0,5,48
0,465,135940,11.268416999996589,0.28008300000692543,0.1644999999967922,11.71337499999936,5,13,124
0,466,135941,11.377209000002608,37.53445799999611,37.70308400001454,86.61591599999952,0,11,23890
0,467,135942,11.434582999996223,62.448665999994546,54.441832999998496,128.3260830000046,0,23,39526
0,468,135943,11.18112499999313,0.48545799999999417,0.008167000004277725,11.675707999998508,1,2,0
0,469,135944,11.186124999994718,0.16987500001164335,0.1027080000000069,11.45937500000116,2,7,74
0,470,135945,11.589834000005794,0.7085409999945114,0.49099999999668853,12.790292000005365,0,10,398
0,471,135946,11.27999999999929,2.784125000005133,2.063292000002548,16.128207999997812,2,13,1654
0,472,135947,11.131042000002367,21.89120799999955,17.17291600000692,50.196249999999054,0,20,13610
0,473,135948,11.218834000004563,6.850416999995446,3.84770800000922,21.917625000000385,0,44,3180
0,474,135949,11.135292000005848,0.12479099999040955,0.037874999989639946,11.298834000001534,0,4,18
0,475,135950,11.347041999997032,37.374499999998534,38.09633200000917,86.81937499999037,3,13,23736
0,476,135951,11.560666999997693,2.2898750000024393,1.4878340000024082,15.33937499999638,2,12,1178
0,477,135952,11.165959000010162,0.1354999999989559,0.08170800001039424,11.383999999992511,0,3,50
0,478,135953,11.431791999996221,2.6199169999898686,2.0127920000021504,16.065292000007503,3,5,1630
0,479,135954,18.819792000002167,0.25441599998998754,0.1446659999970734,19.21954099999823,1,8,104
0,480,135955,11.983874999998534,11.626707999994323,9.267041000001086,32.87883400000169,2,17,7256
0,481,135956,11.9521669999898,2.1174590000043736,1.4269999999925176,15.49779100000137,0,10,1150
0,482,135957,11.0511249999945,0.04500000000007276,0.011999999998124622,11.108708999998385,0,2,2
0,483,135958,11.382541999992668,0.05004099999439404,0.032500000003210516,11.465708000002905,0,2,16
0,484,135959,11.12716699999794,0.06175000000041564,0.0386669999983269,11.228708000004417,1,2,16
0,485,135960,11.360084000003212,0.3908750000078953,0.22937399999989339,11.980832999995528,0,13,180
0,486,135961,11.205084000010856,0.261917000003109,0.15166600000782182,11.619624999994471,0,8,112
0,487,135962,10.967792000002419,8.190333000001715,6.233167000004869,25.392249999995897,0,15,5012
0,488,135963,11.597791999989226,0.1990840000019034,0.08462600001735154,11.882249999999317,0,5,56
0,489,135964,11.489124999997102,0.1715420000039103,0.12700000000620548,11.788625000008324,2,4,72
0,490,135965,11.311874999989868,0.17833299999381325,0.07929199999523462,11.570708000007812,3,6,52
0,491,135966,11.751832999991052,2.227375000003917,1.6432079999901816,15.623250000004418,0,4,1308
0,492,135967,11.178166999997075,0.08737500000677301,0.04924999998934254,11.315457999998557,0,3,22
0,493,135968,11.231792000003793,0.42991700000527544,0.28883299999904466,11.9509579999999,0,7,230
0,494,135969,11.32879099999684,19.870124999997074,17.082750000014357,48.28345800000022,0,7,12610
0,495,135970,28.151667000003044,16.921832999997832,12.615874999980292,57.69029200000375,1,21,10558
0,496,135971,11.3127080000055,6.914833999999814,4.955041999991749,23.183125000002747,0,17,4210
0,497,135972,11.447332999992454,43.53866699999287,40.231542000000786,95.21924999999953,0,10,27448
0,498,135973,11.662708000002908,0.828124999998181,0.3017920000019103,12.793041999998422,0,12,214
0,499,135974,11.315624999994611,35.90479100000721,37.22820800000193,84.44954099999791,0,7,22680
0,500,135975,53.092165999999,0.8947500000147102,0.2760000000137097,54.263916999985895,1,4,134
0,501,135976,11.813666999984207,1.3837919999843962,0.7525000000043747,13.951207999980397,0,2,414
0,502,135977,11.726167000006171,1.1066250000055788,0.8184579999692687,13.651917000004232,0,10,552
0,503,135978,11.63850000000366,0.7162080000000515,0.6963329999791767,13.052083000019365,0,7,412
0,504,135979,12.061208000005763,0.1625419999982114,0.11837500002798151,12.343042000026117,3,6,60
0,505,135980,12.541542000008121,0.15679199998430704,0.11125099999276244,12.810666000007132,1,3,62
0,506,135981,12.02483399998755,38.31299999998805,36.57762500003514,86.9171659999779,2,20,23324
0,507,135982,14.015292000010504,13.84733299997265,8.383291000001236,36.24737499998787,1,95,6756
0,508,135983,12.12583299999892,0.17374999998764906,0.04608300000086274,12.346750000006068,0,4,24
0,509,135984,13.071749999994609,0.058499999994410246,0.0333739999973659,13.16474999998718,0,3,14
0,510,135985,11.568792000019812,0.11587499997744999,0.0532489999613972,11.738791999988507,0,5,28
0,511,135986,22.34012499999949,56.566583999995146,54.76620800001797,133.67479199999366,3,8,34054
0,512,135987,12.511000000017702,0.4867499999932079,0.035999999994373866,13.034957999991548,0,2,16
0,513,135988,12.178875000017797,31.156625000022586,23.960374999973055,67.29791699999055,0,73,17226
0,514,135989,12.319124999976339,37.174249999992526,37.019707999974116,86.51508400001262,0,19,21730
0,515,135990,12.614459000019451,0.7959170000049198,0.403582999979335,13.815333999986024,1,6,296
0,516,135991,11.615915999982462,0.16204100001004917,0.09745799997062932,11.876959000005627,3,7,52
0,517,135992,12.28008300000738,0.09254200000441415,0.05120900001998052,12.4245420000193,0,4,32
0,518,135993,12.081041000016057,1.6249580000078367,1.7915420000065296,15.498541999988902,4,8,938
0,519,135994,12.106958000003942,11.15849999999341,9.756124999995563,33.02304099997855,0,10,6596
0,520,135995,11.854959000004328,40.72691700000064,36.53904200001534,89.12287499998683,1,9,23292
0,521,135996,14.258749999982001,0.5487079999966227,0.16283300001873613,14.971458999980314,0,4,118
0,522,135997,12.526667000003044,0.48574999999573265,0.32254100003115127,13.336208999987775,1,6,230
0,523,135998,12.440499999996746,0.06012500000451837,0.03499999999689862,12.536457999999584,0,2,12
0,524,135999,12.47341699999538,7.228958000013108,5.678415999966546,25.38245900001357,3,5,4116
0,525,136000,12.37700000001496,0.10012500001721492,0.02191700002640573,12.50016599999526,0,2,4
0,526,136001,12.194416999989244,0.04158300001222415,0.023750000025302143,12.26058299999977,0,2,6
0,527,136002,21.31941700000084,0.03533299999958217,0.021248999985346018,21.37704199998325,0,2,4
0,528,136003,12.295833999985462,91.25508400001081,84.17329200000268,187.7263750000111,0,28,56154
0,529,136004,15.725457999991477,0.9301250000248729,0.17258300002254146,16.82887500001584,0,4,108
0,530,136005,11.320750000010094,17.760707999997294,15.263373999971463,44.34604200000081,0,19,10802
0,531,136006,11.966791000020294,0.24695799999108203,0.04358299997875292,12.258332999977029,0,4,22
0,532,136007,12.70866599998044,1.153334000008499,0.8538330000078531,14.71641700001669,0,9,664
0,533,136008,11.656458999993902,69.96866599999407,68.69270800001459,150.31979099998694,0,17,42850
0,534,136009,12.844583999992665,4.475124999999025,2.8496670000208724,20.17091700000151,2,29,2274
0,535,136010,11.809166000006144,0.1909590000082062,0.0811250000367636,12.082165999999006,0,9,50
0,536,136011,11.892375000002176,14.12245800000278,10.5041250000113,36.52062500000852,1,10,7754
0,537,136012,12.674708999981021,0.26729200001796016,0.1172499999881893,13.060082999999167,0,4,80
0,538,136013,12.057459000004656,0.06166700001131176,0.03387499998552812,12.153625000024704,0,3,12
0,539,136014,11.370707999986962,0.301250000006803,0.2105420000191316,11.883582999985265,0,3,168
0,540,136015,11.928165999989915,99.18862499998227,90.00620799997705,201.12533399998256,0,64,56978
0,541,136016,13.353582999997116,1.046999999999798,0.22537500001362787,14.628708999993023,5,8,164
0,542,136017,12.127583999983926,0.6074580000188234,0.4117079999730322,13.147624999987784,0,8,316
0,543,136018,20.852791999999454,36.7233749999798,34.7900000000152,92.36808399998608,2,5,21696
0,544,136019,12.783334000005198,10.64483299998642,8.01429199998438,31.445375000004105,1,15,6254
0,545,136020,11.151208000001134,8.496625000020686,6.602708000002622,26.251999999999498,0,8,5164
0,546,136021,11.472292000007656,0.4247079999970538,0.14666599997781304,12.044959000007793,0,9,98
0,547,136022,11.713458000002674,0.01341600000159815,0.008416000014221936,11.735958999992135,0,1,0
0,548,136023,11.818832999978213,0.6355829999904472,0.4342079999730686,12.889791999981526,0,8,260
0,549,136024,11.910416999995732,3.746958000022005,2.5763749999612173,18.23525000000359,0,18,2106
0,550,136025,11.723083000021006,0.03679099998521451,0.008666000013590747,11.769457999974975,0,1,0
0,551,136026,12.655542000004516,2.358708000002707,1.7727919999970254,16.788082999994458,3,9,1468
0,552,136027,13.067458999984183,57.527582999995275,51.42550099998289,122.02249999998571,1,25,33850
0,553,136028,13.786207999999078,0.5957500000022264,0.04745800001160205,14.429917000001069,2,3,22
0,554,136029,11.07600000000275,5.751041999985773,4.355500999992046,21.183625000020356,0,8,3420
0,555,136030,11.3856670000132,0.3974999999911688,0.23487500001806438,12.018957999998747,2,7,164
0,556,136031,11.465082999990273,0.1012090000074295,0.05820900000230722,11.625000000009322,0,3,38
0,557,136032,11.482207999989669,0.10816700000759738,0.07087500000579894,11.66220799998996,2,4,40
0,558,136033,12.210292000020218,37.3195829999986,40.747499000019616,90.27912500002344,0,14,24008
0,559,136034,21.289374999980737,0.867707999987033,0.279415999983712,22.437792000005174,0,15,222
0,560,136035,11.610290999982453,0.11412500001029002,0.05962499997735904,11.78512500001716,0,3,12
0,561,136036,11.421624999996993,0.2883749999966767,0.18900000000598993,11.899833000001081,1,3,152
0,562,136037,11.64066600000524,0.20150000000285218,0.13333399999737594,11.97616700000026,1,4,96
0,563,136038,11.566083999980492,3.5335419999853457,2.6046250000035798,17.705625000019154,0,20,2080
0,564,136039,11.519499999991467,0.10637500000143518,0.04995800000529016,11.676875000006248,0,3,26
0,565,136040,11.609499999991613,0.289750000007416,0.2209170000071481,12.120583000012175,8,9,152
0,566,136041,11.527250000000322,9.57124999999337,7.290416999978788,28.39008399999443,0,15,5670
0,567,136042,11.343874999994341,0.1842079999789803,0.057874000020774474,11.586290999986204,0,6,36
0,568,136043,11.24558400002229,38.83975000002238,24.663708000019824,74.75008299999786,0,430,20412
0,569,136044,11.695166000009749,1.50449999998159,0.7287509999684971,13.929832999991731,0,10,630
0,570,136045,11.870874999999614,0.058124999981146175,0.024707999983775153,11.95462500001554,0,2,4
0,571,136046,11.59104200002048,66.83854199999928,68.46595900000807,146.89783300002546,1,12,41570
0,572,136047,11.986124999992853,0.6547080000132155,0.07583299998259463,12.71758400000067,0,8,50
0,573,136048,11.866749999995818,4.985458000021481,4.249208000004501,21.103209000017387,2,15,2854
0,574,136049,12.146042000011903,0.2977909999799522,0.13879200000133096,12.583750000004557,13,14,96
0,575,136050,21.61433300000226,0.1097920000177055,0.05466700000056335,21.779750000007425,1,5,28
0,576,136051,11.920749999973168,0.5074999999976626,0.2877069999840387,12.717083000012508,0,17,206
0,577,136052,11.709582999998247,0.015082999993865087,0.010290999995277161,11.735917000009977,0,1,0
0,578,136053,11.9922499999916,0.2094589999899199,0.13091700000700257,12.333417000007785,0,9,70
0,579,136054,11.979792000005318,1.171208000016577,0.8790840000187927,14.031417000012425,0,6,696
0,580,136055,11.331582999986267,43.128084000017,42.482249000016736,96.94362499999443,0,9,26698
0,581,136056,12.278166000015744,0.49158299998453003,0.10374999999385182,12.874207999999498,1,3,60
0,582,136057,11.286083000015878,3.3242920000020604,2.7873750000253494,17.3987919999945,3,8,2054
0,583,136058,11.729041999984702,18.987584000001334,13.317666999995481,44.03666599998246,0,12,7902
0,584,136059,17.582500000003165,10.119166999999152,7.344665999994504,35.04741600002603,0,46,5802
0,585,136060,11.967666999993298,16.82041700001946,13.599042000009831,42.3885830000188,1,9,10412
0,586,136061,11.444250000010925,0.2514169999869864,0.05137499996976658,11.747999999982994,0,4,28
0,587,136062,11.467417000005753,0.03208399999721223,0.019584000000349988,11.52008299999352,0,2,2
0,588,136063,11.196291999993946,0.15595800002188298,0.1131669999949736,11.466374999997697,3,6,62
0,589,136064,11.678415999995195,36.034749999998894,36.35833299998126,84.0725830000224,0,8,22950
0,590,136065,11.564791000012065,55.17583300002116,49.40604199998688,116.14824999998064,0,19,34324
0,591,136066,20.48454199999128,1.6421249999893917,0.6821250000257351,22.81066699998746,2,17,564
0,592,136067,11.46695799999975,0.1670409999974254,0.1000840000244807,11.734625000002552,0,4,66
0,593,136068,11.543415999994977,1.9787500000063574,1.4892510000095172,15.012374999997746,1,12,1188
0,594,136069,11.519999999990205,2.8267499999969914,1.710123999970392,16.05833299998949,0,49,1458
0,595,136070,11.209749999977703,0.0971660000175234,0.03120799999578594,11.3384999999937,0,3,14
0,596,136071,11.11637500000029,58.640458000013496,58.425499999998465,128.18450000000325,1,14,36128
0,597,136072,11.919041000027164,2.9132500000059736,2.4895410000169704,17.323124999990114,0,5,1410
0,598,136073,12.841499999979078,0.3365830000063852,0.2209589999893069,13.400208000007297,4,7,160
0,599,136074,12.333624999996573,96.42949999999928,96.39608300003033,205.16095899998277,0,18,57274
0,600,136075,11.50662499998134,13.58929099998818,9.444916999996167,34.54220800000485,0,22,7690
0,601,136076,11.587999999989052,0.10579199999938282,0.00712399997837565,11.701667000011184,0,1,0
0,602,136077,11.808500000000777,44.83604199998581,44.490748999976404,101.13712500000815,0,13,28642
0,603,136078,11.774125000016511,0.5622920000121212,0.11570800000981762,12.453292000003557,6,9,76
0,604,136079,11.193875000003572,12.656124999978147,10.37483400000383,34.22695800000497,1,16,7538
0,605,136080,11.464541000009376,24.47329199998194,20.87929199998939,56.81945799997834,0,12,15746
0,606,136081,11.458624999988842,1.9842910000136271,1.3681249999990541,14.812667000001056,0,4,1064
0,607,136082,21.629499999988866,0.11937499999703505,0.05166799999756222,21.801250000009986,2,4,30
0,608,136083,12.275708000004215,0.14254199999186312,0.058956999993142745,12.477999999987333,0,6,36
0,609,136084,13.434625000002143,1.1072080000076312,0.6207499999959509,15.164166999994677,2,7,450
0,610,136085,12.021750000002385,0.23749999999722604,0.12362500001472654,12.383666999994603,0,6,82
0,611,136086,12.529290999992782,0.29233299997599715,0.18070800001623866,13.003374999982498,0,8,138
0,612,136087,14.338125000023183,20.884666000000607,15.66112500000827,50.885625000006485,0,16,12348
0,613,136088,12.44083299999943,1.6739579999978105,1.0578749999865522,15.17333399999643,0,7,848
0,614,136089,11.76733299999455,2.0448329999851467,1.4829159999862895,15.296250000005784,1,7,1194
0,615,136090,11.944041999981891,0.19212500001231092,0.11979199999245793,12.256624999992027,4,7,82
0,616,136091,11.963291999990133,48.68454200001793,47.54775000000677,108.19658299999446,0,18,30870
0,617,136092,11.291792000008627,0.4277079999894795,0.029333000014730715,11.749667000003683,0,3,8
0,618,136093,11.694874999989224,5.385249999989128,3.565167000004976,20.64591699999596,2,59,2894
0,619,136094,11.36233399998332,7.028042000001733,5.827748999990945,24.219291000008525,0,3,4378
0,620,136095,11.591791999990164,0.4587920000176382,0.23633300000369672,12.287458000002971,8,12,162
0,621,136096,11.323250000003782,2.6410830000145324,2.071916000005558,16.037000000011403,0,9,1688
0,622,136097,11.372958999999128,0.2400830000226506,0.14120800000227973,11.75554200000306,0,3,90
0,623,136098,20.172165999980507,1.2358749999918928,0.8441660000073625,22.253083999999035,4,21,660
0,624,136099,11.522834000004423,3.58179100001621,2.6485420000312843,17.753499999997757,0,11,2204
0,625,136100,11.567209000020284,0.06841599997642334,0.016501000004609523,11.652499999996735,0,2,4
0,626,136101,11.46366700001522,0.042542000016965176,0.020957999993242993,11.528166999994482,0,2,4
0,627,136102,12.056959000005918,23.06824999999435,18.72733300001528,53.853540999995175,0,12,14036
0,628,136103,11.944290999991836,0.25325000001430453,0.03379199998221338,12.232167000007621,2,3,16
0,629,136104,11.579249999982721,44.86766700000544,38.1172079999601,94.56604199999674,3,27,27232
0,630,136105,11.836417000012034,0.3875419999985752,0.008500000006961272,12.233499999979358,0,1,0
0,631,136106,11.375208000004022,0.05924999999251668,0.0376669999866408,11.472916999991867,1,3,16
0,632,136107,11.584958000014467,9.282124999998587,6.886917000002768,27.7548749999994,1,13,5616
0,633,136108,11.659791999989011,0.1294159999929434,0.02783399997952074,11.818207999994002,0,2,8
0,634,136109,11.269749999996748,0.11683299999276642,0.08337500000266118,11.470624999986967,0,5,50
0,635,136110,11.567290999977331,0.2653750000263244,0.1907080000194128,12.02387500001123,0,2,134
0,636,136111,11.596625000009908,0.137791999975434,0.09024999999951433,11.82529199999749,0,2,64
0,637,136112,11.212207999989232,0.07137500000453656,0.04512399999612171,11.329041999999845,0,2,28
0,638,136113,11.806749999976773,59.13004099997465,57.127790999970784,128.06629199999975,0,40,36026
0,639,136114,22.98154199999658,51.52687500000752,47.144124999988435,121.65479200001528,1,22,30994
0,640,136115,13.605874999996104,0.5627079999896978,0.1043750000064847,14.273541999983763,0,6,74
0,641,136116,11.802875000000768,0.07841599997959747,0.04304099996943478,11.924625000006017,1,4,26
0,642,136117,11.424125000019103,0.07266700001196114,0.04391599998143647,11.541541000013922,1,4,20
0,643,136118,11.392333000003418,1.0000000000047748,0.5028330000129699,12.895459000020537,0,20,438
0,644,136119,11.631375000007438,0.658541999996487,0.3493760000310431,12.639958999983492,0,22,236
0,645,136120,11.308999999982916,0.554249999993317,0.32120800000257077,12.184917000013229,0,15,246
0,646,136121,11.775999999997566,0.5885840000132703,0.5087090000017724,12.874332999984972,1,4,330
0,647,136122,11.562625000010485,50.92554200001587,49.75608300000545,112.24525000000085,0,25,32348
0,648,136123,13.143374999998514,0.788375000013275,0.25787399997057037,14.190584000004947,1,6,188
0,649,136124,11.624415999989424,3.7793340000007447,2.7944590000004155,18.198541999993267,0,18,2282
0,650,136125,11.648165999986304,0.8883339999954387,0.7317079999893394,13.268874999994296,0,5,504
0,651,136126,11.396749999988742,0.8894169999962287,0.6007080000074438,12.887624999990521,0,21,474
0,652,136127,11.540959000001294,0.25691700000152196,0.18625000001293301,11.984583000014482,4,7,128
0,653,136128,10.927917000003617,0.05154100000481776,0.024375000037935024,11.00420800000279,0,3,12
0,654,136129,11.39499999999316,0.05266699997719115,0.03399999999942338,11.482207999989669,0,2,18
0,655,136130,20.56908399998747,0.7160000000112632,0.5086670000196136,21.794625000012502,0,6,412
0,656,136131,11.49950000001354,45.208584000022256,36.47070899998539,93.17966699998692,0,76,27978
0,657,136132,11.485249999992675,2.008958000004668,1.041665999991892,14.536875000004557,0,17,876
0,658,136133,11.401416000012432,4.522291000000678,3.3385419999945043,19.262791999977935,0,40,2684
0,659,136134,11.383666999989828,0.670250000013084,0.5287079999902744,12.583207999995238,0,2,350
0,660,136135,11.466332999987117,0.2980000000150085,0.19891599998800302,11.963667000003397,3,8,152
0,661,136136,10.80333299998415,0.901124999984404,0.6452079999803573,12.35079200000655,0,11,504
0,662,136137,11.309665999988283,1.017125000004171,0.6152490000204125,12.942624999993768,1,19,514
0,663,136138,11.529416000001902,0.2703339999925447,0.15312599998651422,11.953457999993589,1,9,112
0,664,136139,11.691082999988112,22.94883400000458,17.770208999991155,52.411624999990636,0,14,14294
0,665,136140,11.640249999999241,0.2867919999971491,0.04741699996202442,11.974832999982254,0,3,28
0,666,136141,11.712415999994619,78.80600000001436,76.82845800002269,167.34841699999947,1,15,50400
0,667,136142,15.055499999988342,0.7905829999970138,0.09558299998957409,15.942125000009355,2,4,64
0,668,136143,11.60462499998971,0.26045900000326583,0.15750099998967926,12.02304200000981,0,7,118
0,669,136144,11.894334000004392,0.12454200000888704,0.07824900001196511,12.098249999979771,0,4,46
0,670,136145,11.324083000005203,0.24216700001034042,0.11545800001044881,11.682124999992993,0,10,88
0,671,136146,20.298958000012135,36.13974999998959,33.16133300000956,89.6017090000214,0,16,22806
0,672,136147,11.564125000006698,0.9036670000170943,0.32183400000462825,12.790042000005997,2,10,240
0,673,136148,11.736915999989606,1.1623750000069322,0.850165999992214,13.750375000000759,0,10,654
0,674,136149,11.890208000011171,20.378708999999162,15.224334000009776,47.496417000019164,0,28,11804
0,675,136150,11.771541999991086,2.1270840000227054,1.2067920000049526,15.105833000006896,0,28,992
0,676,136151,11.589041999997107,0.9648340000012467,0.7152920000237373,13.269915999984505,3,5,570
0,677,136152,11.726541999991014,0.3363750000175969,0.21691600002782252,12.280709000009438,0,2,164
0,678,136153,11.706707999991295,0.06908299999963674,0.03795799997874383,11.814416999982313,1,3,20
0,679,136154,11.175542000017913,0.14683300000228883,0.0978330000123151,11.42120800000157,0,4,62
0,680,136155,11.854583999991064,0.5539160000012089,0.3832090000059907,12.791915999997627,0,6,306
0,681,136156,11.555582999989156,0.04950000001713306,0.02420899997446213,11.629709000004596,0,2,10
0,682,136157,11.23541699999464,70.17291700000783,71.26354199999696,152.6734579999811,0,6,44324
0,683,136158,13.227625000013177,8.94683299998178,6.119874000006575,28.296334000003753,2,14,4640
0,684,136159,12.903584000014234,0.5790000000160944,0.348333000005141,13.831917000004523,0,3,296
0,685,136160,12.101499999999987,13.63574999999173,11.34570800002166,37.08404200000359,0,10,8386
0,686,136161,12.13595800001599,0.41024999998739986,0.16920800001685166,12.716499999982034,0,7,126
0,687,136162,23.008457999992515,0.558334000004379,0.17074999999522333,23.738750000006803,0,10,136
0,688,136163,11.76641600000039,33.7255419999849,26.474833000008857,71.96833399999036,3,57,19858
0,689,136164,14.268708000003016,0.33287499999801184,0.029790999974466104,14.632333000008657,0,2,10
0,690,136165,12.047874999979058,1.2797500000090167,0.896374000006972,14.224582999986524,0,17,734
0,691,136166,12.879209000004721,0.5574590000207991,0.3886670000099457,13.825999999994565,1,13,220
0,692,136167,11.855540999988534,0.5461670000102004,0.3931250000164255,12.79579199999148,1,7,294
0,693,136168,11.620834000012792,2.1317920000001322,1.453916000002664,15.207707999991271,2,18,1136
0,694,136169,11.598415999998224,1.4859579999892958,0.9248329999707039,14.010167000009233,2,9,740
0,695,136170,11.507042000005185,24.746374999978116,19.86662500002012,56.12120800000753,0,21,14752
0,696,136171,12.038625000002412,27.489124999988235,26.094583000002558,65.62320899999463,0,9,16882
0,697,136172,11.241582999986122,0.47200000000202635,0.11591699998803051,11.830542000012656,4,9,78
0,698,136173,11.732040999987703,0.11908400000493202,0.0744169999791211,11.926458999994338,2,4,44
0,699,136174,11.661957999990591,0.19687500000031832,0.11220899997965716,11.972290999977986,3,10,76
0,700,136175,11.92520800000807,118.85762500000396,98.72416700002873,229.50937500002055,0,180,67638
0,701,136176,11.484957999982726,2.59270800000877,1.1849589999712862,15.263707999991993,1,5,970
0,702,136177,11.20933299998228,0.4808750000222517,0.28887400003441144,11.979707999984157,0,11,228
0,703,136178,18.604167000006555,0.4743340000175067,0.33916699999281263,19.418374999986554,0,4,262
0,704,136179,11.603374999992866,14.206000000001495,11.506416000003128,37.31704099999433,0,31,8826
0,705,136180,11.661959000008437,1.0502920000021732,0.6292909999956464,13.342166000001043,1,10,490
0,706,136181,11.840209000013147,0.12824999998883868,0.07741600001054394,12.046624999982214,0,2,52
0,707,136182,11.249667000015506,0.03329099999405116,0.015998999998600993,11.300040999998373,0,2,4
0,708,136183,11.664041000017278,0.007250000010117219,0.0050419999979567365,11.677124999977195,0,1,0
0,709,136184,11.68191600001478,2.0407920000025115,1.4758750000396503,15.19924999999489,0,15,1202
0,710,136185,11.130583000010574,0.21966599999245773,0.12191599998345737,11.47262500001034,7,10,80
0,711,136186,11.448792000010144,4.528875000005428,3.4093750000181444,19.3882080000094,0,13,2678
0,712,136187,11.548333999996885,0.37999999997850864,0.2265829999998914,12.155583000009074,14,19,168
0,713,136188,11.906707999997934,1.5832079999995585,1.0845829999936996,14.5748329999833,1,5,874
0,714,136189,11.71979099999021,0.1354999999989559,0.07116700001574827,11.927458000002389,1,4,42
0,715,136190,11.443249999985028,0.05529100002377163,0.027165999966882737,11.526333000006161,0,3,10
0,716,136191,11.326375000010103,21.725166000010177,17.208625000023403,50.26120899998432,0,17,13372
0,717,136192,11.633625000001757,0.2933330000018941,0.05820899997388551,11.98600000000738,0,5,30
0,718,136193,11.478707999998505,0.4252500000063719,0.35341700001367826,12.258040999995501,1,6,224
0,719,136194,19.929708000006485,1.9256250000125874,1.3170410000213906,23.17345899999168,0,18,1062
0,720,136195,12.22141700000634,79.61604200002625,77.43512500002225,169.27412499998695,1,21,50160
0,721,136196,14.364499999999225,0.6538750000117943,0.022290999993401783,15.041709000001902,0,2,4
0,722,136197,11.59724999999412,2.266125000005559,1.8158320000054573,15.68037499998809,0,3,1350
0,723,136198,11.515500000001566,65.74570899999799,63.22162500001127,140.48416699998256,0,10,41536
0,724,136199,11.467291000002433,6.344541000004256,4.2378750000295895,22.050374999992073,0,26,3460
0,725,136200,11.605583999994451,0.2932919999807382,0.1643749999971078,12.064167000005455,0,5,120
0,726,136201,11.11054199998307,0.17445800000359668,0.11437500000965883,11.400416000014957,0,4,74
0,727,136202,11.276708000025337,0.43204199999991033,0.27945799999429255,11.988999999999805,0,9,224
0,728,136203,11.48337500001162,7.005291000012903,5.794957999995631,24.284000000022843,1,8,4316
0,729,136204,11.543500000016138,0.13108300001363205,0.03675000002090201,11.711709000024939,2,5,20
0,730,136205,11.266333000008899,18.694291999992174,14.402667000013025,44.36450000000036,0,30,11610
0,731,136206,12.701250000020536,0.3465839999989839,0.11887499996987572,13.167666000015288,0,6,70
0,732,136207,11.335750000000644,109.47841699999117,101.82949999997959,222.6450830000033,0,24,69778
0,733,136208,11.712833000018463,1.0301670000103513,0.0647079999964717,12.808500000005552,0,4,24
0,734,136209,11.355084000001625,0.19483299999478731,0.13766699998996046,11.688332999995055,0,4,100
0,735,136210,20.154832999992323,0.061167000012574135,0.03679099998521451,20.25362500000938,0,2,18
0,736,136211,10.912208000007695,5.605374999987589,4.651500999983682,21.170124999997597,5,10,3540
0,737,136212,11.676708999999619,1.4542079999841917,0.9510829999896941,14.082500000000664,0,5,768
0,738,136213,11.685875000011947,10.113042000000405,8.38058300001876,30.179959000008694,0,5,6384
0,739,136214,11.408750000015289,0.336542000013651,0.1501250000046639,11.895958999986078,1,6,104
0,740,136215,11.520375000003469,0.04841599999849677,0.02708299999198971,11.596541999978172,0,2,14
0,741,136216,11.61587500001815,4.795208000018647,3.504833000022245,19.916708000010885,0,10,2892
0,742,136217,12.029124999997975,6.141832999986718,3.9985829999977796,22.169875000003003,1,51,3444
0,743,136218,11.742040999990877,0.10608400000933216,0.02491700001883146,11.873707999995986,0,2,8
0,744,136219,13.258417000002964,0.918000000012853,0.6027080000023943,14.780040999994526,0,12,498
0,745,136220,11.29350000002205,0.11933299998645452,0.05979200000183482,11.473167000019657,1,5,38
0,746,136221,11.463708000007955,2.4325409999903513,1.9121249999898282,15.808917000015299,0,7,1508
0,747,136222,11.81850000000395,1.1392090000015287,0.7787920000055237,13.736999999991895,1,12,658
0,748,136223,11.658959000016011,0.04099999998175008,0.0148750000050768,11.7151669999771,0,2,4
0,749,136224,11.252584000004617,0.032250000003841706,0.017832999986922005,11.302999999998065,0,2,6
0,750,136225,11.600041999997757,0.24808300000245254,0.1483329999985017,11.997250000007398,3,10,108
0,751,136226,19.200541999992993,0.6715410000026623,0.5273330000079568,20.40033400001562,0,5,372
0,752,136227,11.583540999993147,0.0759580000249116,0.031125000020892912,11.691250000012587,3,5,16
0,753,136228,11.744542000002411,0.056083000004036876,0.029790999974466104,11.831250000000182,0,3,12
0,754,136229,12.479249999984177,2.9372079999916423,2.4145840000073804,17.83212499998399,0,3,1948
0,755,136230,12.301750000005995,18.464582999996537,15.1658750000081,45.933958000006214,0,9,10640
0,756,136231,11.51895800001057,0.9297500000116088,0.5491260000098919,12.999166000014384,0,12,242
0,757,136232,12.153584000003548,0.8969579999984489,0.7079990000136149,13.759708000009141,0,4,506
0,758,136233,12.732874999983324,81.63899999999558,76.76887400000965,171.14250000000197,1,11,49208
0,759,136234,12.208916000020054,31.45795799997586,24.38670800000864,68.05524999998624,1,16,18014
0,760,136235,11.615500000004886,32.55499999997369,24.538374999991674,68.70974999998225,0,29,20246
0,761,136236,11.350542000002406,0.44466700001066783,0.10654200002591097,11.902542000001404,0,5,84
0,762,136237,11.71629199998847,0.9730000000160999,0.807291000000987,13.49833300000114,8,13,574
0,763,136238,11.48016600001256,4.744250000015882,3.649582999997847,19.875415999990764,0,24,2908
0,764,136239,11.756332999993901,57.41350000002399,58.75312499998131,127.92516700000078,0,3,35022
0,765,136240,11.912459000001263,87.75487500000168,78.16549999998301,177.83466699998485,1,29,51658
0,766,136241,11.399915999987797,0.8865830000104324,0.1553329999808284,12.442749999991065,1,7,112
0,767,136242,19.16204200000493,1.2054580000153692,0.6096669999919868,20.978749999983393,1,24,522
0,768,136243,11.460042000010162,16.494500000021617,13.472126000010576,41.427291000019295,0,10,10048
0,769,136244,11.642540999986295,0.24720899997987544,0.05783300002804026,11.948166999985688,2,6,34
0,770,136245,11.52550000000474,0.5859170000235281,0.3318750000005366,12.443832999991855,1,9,262
0,771,136246,11.654708000008895,0.19733300001689713,0.14258299995617563,11.995791999993344,2,7,92
0,772,136247,11.647957999997516,14.558500000021013,10.967250000021522,37.17466699998795,0,47,8904
0,773,136248,11.459416000008105,0.5652499999939664,0.26349899999900117,12.2886249999965,0,2,204
0,774,136249,11.586042000004682,31.297791000014286,25.38612500001136,68.27149999998028,0,29,19570
0,775,136250,13.209791999997833,79.65512500001637,76.75354300002368,169.6198749999951,0,17,50422
0,776,136251,11.355833999999732,0.6594160000190641,0.02191699999798402,12.037875000004306,0,2,6
0,777,136252,11.91199999999526,0.43116700001633035,0.2849579999804064,12.628667000001315,0,11,222
0,778,136253,11.469417000000703,0.0768749999906504,0.03879100000858671,11.585875000008627,2,4,14
0,779,136254,11.742832999999564,0.08654199999114098,0.05979199997341311,11.88937500000975,0,3,32
0,780,136255,11.48408399998857,0.16787500001669287,0.10608299999148585,11.759082999986958,0,4,76
0,781,136256,11.680291999994097,74.1904580000039,67.14291599999456,153.01495900001783,0,22,46126
0,782,136257,11.909709000008206,0.7179159999850526,0.06824999999821557,12.696958000020686,1,4,34
0,783,136258,20.720499999981712,0.35066600000277504,0.2576669999996284,21.329584000000068,7,8,180
0,784,136259,11.811499999993202,0.32679099999199934,0.21008299998470648,12.349125000014283,0,7,158
0,785,136260,11.328957999978684,0.2125830000068163,0.13254199998868899,11.674583000001348,0,7,98
0,786,136261,11.227665999996361,0.16758299997832182,0.09191600000235667,11.488041999996312,0,6,60
0,787,136262,16.624583000009352,0.16108399998415734,0.1055409999821677,16.89162499999952,0,6,68
0,788,136263,11.158082999997987,1.5436669999928654,1.0137500000269029,13.716499999986809,0,20,828
0,789,136264,10.933209000000943,0.6870830000025308,0.5758750000097734,12.196542000026511,0,2,386
0,790,136265,11.35595799999578,3.049790999995139,1.9427090000192493,16.34908299999438,12,48,1580
0,791,136266,11.390042000016365,0.4576249999956872,0.30883299996276037,12.157042000012552,0,3,228
0,792,136267,11.600249999986545,33.99670799998944,35.70899899997926,81.30645800000025,0,24,21586
0,793,136268,11.623458000002529,0.44316599999660866,0.10200000002669185,12.169000000000096,3,7,68
0,794,136269,11.523291000003155,0.6118329999935668,0.44066699999234515,12.576958000011018,3,8,332
0,795,136270,11.329166999985318,3.7482920000115882,2.757959000007304,17.836499999987154,0,7,2196
0,796,136271,11.579624999995985,0.3304999999897973,0.2038739999647987,12.114709000002222,1,5,154
0,797,136272,11.23700000002259,0.3936669999973219,0.2714569999966443,11.902499999990823,0,7,202
0,798,136273,11.27683300001081,0.8796670000208451,0.6472080000037295,12.803999999988491,0,4,510
0,799,136274,19.931500000012647,0.06508300000973577,0.027084000009836018,20.02399999997806,0,3,10
0,800,136275,10.892167000008612,0.09179200000630772,0.06158300001857242,11.046083999985967,0,3,34
0,801,136276,11.756333000022323,44.51545800000645,43.801457999990134,100.07466700000123,7,21,28266
0,802,136277,11.543625000001612,0.6800419999990481,0.15320900001825066,12.377665999991905,0,12,100
0,803,136278,11.625665999986268,0.46033299997816357,0.3012509999962276,12.387582999991764,1,8,230
0,804,136279,11.448375000014721,0.10949999997933446,0.0604170000144677,11.61899999999605,0,5,38
0,805,136280,11.48758300001873,107.42058400001042,99.4303320000256,218.34004199999413,0,28,67470
0,806,136281,12.302708000021312,31.372167000000672,24.479292000023634,68.1555840000101,3,18,19060
0,807,136282,11.294542000001684,0.3469160000122429,0.03483300000084455,11.677167000016198,0,4,14
0,808,136283,11.450958000011724,0.2694579999911184,0.21616600000129438,11.937375000002248,4,6,132
0,809,136284,11.665500000020756,63.848459000013236,59.09650099999908,134.61129199998823,0,19,40260
0,810,136285,11.56879199999139,0.6217920000040067,0.042750000005753463,12.234209000013152,0,3,20
0,811,136286,11.580250000008618,0.13312499999074134,0.08395800000471354,11.798249999998234,0,3,54
0,812,136287,11.78320900001495,0.641290999993771,0.37458400001355585,12.799375000014379,1,12,310
0,813,136288,11.454208000003518,1.2782500000128039,0.808916999972098,13.542166000007683,1,24,688
0,814,136289,11.572374999985868,0.45304099998588754,0.3066669999896021,12.332500000013624,0,7,230
0,815,136290,20.589749999999185,0.20554100001390907,0.1274159999979929,20.9237910000013,3,8,76
0,816,136291,11.55400000001805,0.3155830000025617,0.2414580000049682,12.11183399999527,0,3,168
0,817,136292,11.766332999997076,38.66262500000062,34.044540999985884,84.47483300000158,0,28,24140
0,818,136293,11.413916999998719,4.084333000008655,2.352457999990065,17.851750000005495,2,49,2010
0,819,136294,11.647291999992149,9.935417000008329,7.293333000006896,28.877082999997583,0,12,5988
0,820,136295,11.428708000011056,0.2272499999946831,0.0861249999957181,11.742625000010776,0,4,50
0,821,136296,11.457207999995944,0.2764580000018668,0.1957079999783673,11.929707999996708,1,6,140
0,822,136297,11.477334000005612,0.7372910000071897,0.567791999998235,12.783500000011827,0,2,438
0,823,136298,11.166292000012845,2.104500000001508,1.3225829999896632,14.594084000009389,1,35,1076
0,824,136299,11.466667000007646,16.622458000000506,12.807666000014706,40.89854099999002,0,15,10320
0,825,136300,11.637624999991658,1.627624999997579,1.0776249999935317,14.34374999999477,1,4,872
0,826,136301,11.542374999976346,7.453999999995631,6.0562909999930525,25.05333400000609,0,4,4702
0,827,136302,11.196791000003259,0.11200000000144428,0.025001000011570795,11.33479200001375,0,2,8
0,828,136303,11.67437500001256,0.5869580000137375,0.3816660000097727,12.643624999981284,1,5,304
0,829,136304,11.02850000000899,0.11887499999829743,0.07675099996617973,11.225250000023834,0,3,44
0,830,136305,11.54195899999877,0.039458999992803,0.02166699999861521,11.60349999997834,0,2,6
0,831,136306,19.989624999993794,90.67854100001682,84.41679199998475,195.08650000000216,0,41,56584
0,832,136307,11.691417000008641,0.9043750000046202,0.10749999995596227,12.703874999999698,2,6,76
0,833,136308,11.548624999988988,1.0820420000072772,0.8637080000255537,13.495290999998133,0,6,646
0,834,136309,11.650582999976677,0.6732919999876685,0.43954200000939636,12.764415999981793,0,10,356
0,835,136310,11.52745799998911,4.835124999999607,3.73758299997462,20.1011249999965,1,8,2976
0,836,136311,11.745290999982672,9.135458000002927,7.384209000008468,28.265582999978278,0,32,5482
0,837,136312,11.537833000005548,0.12133299998140501,0.024125999999569103,11.683875000016997,0,2,10
0,838,136313,11.212249999999813,12.03237499998977,9.406624999996893,32.65225000001237,0,36,7190
0,839,136314,11.327292000004263,8.603915999998435,6.30974999998557,26.241541000018742,1,14,5156
0,840,136315,11.672416999999768,0.1963340000088465,0.08445800000345116,11.953541999986328,0,3,58
0,841,136316,11.275666999978284,13.244292000024416,11.047208000007913,35.56820800000082,1,10,8140
0,842,136317,11.392124999986208,0.25758300000688905,0.04720800001223324,11.698832999996966,0,2,8
0,843,136318,10.998374999985572,4.2220000000270375,3.135748999994803,18.356583000013416,0,13,2630
0,844,136319,11.952000000007956,1.957291999985955,1.2427910000099018,15.15270900000587,0,26,1036
0,845,136320,11.43816599997649,0.338584000019182,0.20570899999938774,11.983709000020326,15,17,146
0,846,136321,11.464708999994855,0.44062499998176463,0.31216599998629135,12.217917000015177,0,4,248
0,847,136322,20.35316699999612,0.16037500000720684,0.1052910000112206,20.619750000008708,0,5,58
0,848,136323,11.438042000008863,39.47470800000019,31.832874000031097,82.74779200002058,0,22,24502
0,849,136324,16.48020799999017,0.5222919999994247,0.0949170000126287,17.097833000008222,1,4,54
0,850,136325,11.352124999973512,0.399291999997331,0.2631659999963176,12.01537500000427,0,6,204
0,851,136326,11.480750000004036,12.923250000000053,10.857124999972712,35.26249999998754,2,5,8122
0,852,136327,11.835750000017242,75.30408400000965,71.73291600000198,158.87395899997614,1,22,47800
0,853,136328,11.563583999986804,0.8499580000034257,0.15337600001430474,12.567791000009265,0,8,108
0,854,136329,11.406666999988602,0.6545829999993202,0.48570900000299844,12.547874999995656,0,6,358
0,855,136330,11.620208000010734,4.6811250000189375,3.419333999971741,19.72116700000015,0,7,2906
0,856,136331,11.392042000011315,0.04974999998808016,0.00483299999132214,11.447167000000036,0,1,0
0,857,136332,11.251541999996562,1.5096250000112832,1.1246259999779795,13.886166999981242,0,4,918
0,858,136333,11.336417000023857,0.20612500000538603,0.11770800000476811,11.660624999990432,1,10,84
0,859,136334,11.429208000009794,1.2792920000208596,0.7863329999793223,13.495291999987558,1,24,678
0,860,136335,11.309291999992865,6.707166000012421,5.324791999981926,23.341541999997162,0,4,4122
0,861,136336,11.576458000007506,1.5985829999749512,1.1593749999860847,14.334875000002967,0,13,934
0,862,136337,11.274334000006547,1.7441669999982423,1.2232510000274033,14.242208000013079,0,8,1042
0,863,136338,19.90783300001908,1.0772499999802676,0.7795409999857839,21.765125000001717,0,6,616
0,864,136339,11.375417000010657,0.27900000000613545,0.17462499999965075,11.829915999982177,3,7,134
0,865,136340,11.725958999988961,0.03929199999674893,0.020749999976032996,11.78716699999427,0,2,4
0,866,136341,11.393084000019371,0.09750000000963155,0.04816800000639887,11.539166000005707,0,5,30
0,867,136342,11.431874999999536,0.08979200001135723,0.0595000000203072,11.581542000016043,0,3,34
0,868,136343,11.495583999987957,0.3152080000177193,0.1848750000021937,11.995957999999973,0,13,130
0,869,136344,11.322957999993832,0.5832909999980984,0.4142089999845666,12.320750000014868,3,10,330
0,870,136345,11.641833999988194,0.8180840000022727,0.5628760000320199,13.023540999995475,5,9,452
0,871,136346,11.528583999989905,0.4121670000074573,0.2297090000240587,12.170791000016834,0,12,188
0,872,136347,11.740083000006507,0.44354199999929733,0.27199999999538704,12.456374999999298,1,11,210
0,873,136348,11.423167000003787,22.981458999993265,19.601123999990477,54.00662499999953,0,8,14466
0,874,136349,11.465916000020115,0.6172500000047876,0.24270900001965856,12.326459000007617,0,8,172
0,875,136350,11.540208000013763,2.1540420000008,1.584042999979829,15.278750000021546,8,19,1274
0,876,136351,11.330791999995427,3.9007499999854645,2.8761249999718075,18.108709000017598,0,5,2364
0,877,136352,11.374417000013182,0.22191700000462333,0.13108400003147835,11.727915999983907,0,6,86
0,878,136353,12.593124999995098,0.06512500002031629,0.03591699999105913,12.69487500002242,2,4,18
0,879,136354,20.510208999979795,3.91816699999481,2.9599169999983133,27.389083000002756,0,7,2390
0,880,136355,11.833082999999078,44.78995799999552,40.367290999995475,96.99129099999482,0,8,28438
0,881,136356,11.809499999998252,5.109249999975418,3.239875000019765,20.159666000012066,2,38,2710
0,882,136357,11.753666999993584,0.20362500001169792,0.1091249999944921,12.06762500001446,0,5,68
0,883,136358,11.601417000008496,10.861999999974614,8.310875000034912,30.774957999994967,0,31,6504
0,884,136359,11.185707999999295,0.21537500001045373,0.06600000000389628,11.467750000008436,7,9,36
0,885,136360,11.734625000002552,0.11766599999418759,0.07637499999191277,11.928957999998602,0,4,50
0,886,136361,11.402375000017173,28.674249999994572,19.530249999974103,59.608457999985376,0,7,14046
0,887,136362,12.027708000005077,2.0453750000228865,1.2983329999940452,15.372082999988379,1,18,1092
0,888,136363,11.415041000020665,0.18791600001577535,0.09841599998594575,11.701958000003287,1,8,64
0,889,136364,11.917624999995269,1.5202499999986685,1.0140409999905842,14.452957999992577,0,10,834
0,890,136365,11.2789169999985,0.05191699997908472,0.02237500001456283,11.353999999982989,0,2,4
0,891,136366,11.775499999998829,0.3532500000176242,0.2667080000264832,12.395749999996042,0,6,192
0,892,136367,11.289124999990463,0.19566599999620848,0.08858399996825028,11.5744169999914,3,6,44
0,893,136368,11.626958999983117,38.780166999998755,31.25029099996368,81.65862499998866,1,27,23924
0,894,136369,11.828583999999864,0.49045899999100584,0.11291699999560478,12.43229100001031,4,5,76
0,895,136370,20.254749999992328,36.76066599999217,37.87816700000235,94.89479200001938,0,13,23488
0,896,136371,12.040917000007312,5.859666999981528,4.215541000007761,22.116833000012548,1,8,3428
0,897,136372,11.287124999995513,0.5282920000126978,0.3137920000426675,12.129582999989452,8,15,252
0,898,136373,11.473082999998496,1.2567089999890868,0.9554579999928592,13.685583000011547,0,8,762
0,899,136374,11.673958000017137,0.652500000001055,0.43708199999059616,12.764042000014797,0,10,350
0,900,136375,10.552041000011059,0.31683299999940573,0.17666600001575716,11.046458999999231,4,11,132
0,901,136376,11.26300000001379,0.09141699999304365,0.04841599999849677,11.403540999992856,0,3,30
0,902,136377,11.431250000015325,0.1282919999994192,0.068999999996322,11.628916000006484,0,6,40
0,903,136378,11.589792000023635,0.24887499998271778,0.1571659999797248,11.997082999982922,0,8,106
0,904,136379,11.206709000020965,1.407916000005116,0.9779170000001614,13.593208000003187,0,3,774
0,905,136380,11.81875000000332,13.020833000012999,10.359167000018488,35.19945799999391,2,14,7948
0,906,136381,11.734499999988657,0.2724169999908099,0.1041669999892747,12.11175000000253,0,5,70
0,907,136382,11.614250000008042,0.3751250000050277,0.2337919999888527,12.223457999994025,2,9,180
0,908,136383,11.428124999980582,0.6022500000142372,0.3972910000129559,12.428625000012516,1,9,298
0,909,136384,11.520458999996208,0.5081249999818738,0.3140839999673517,12.342999999987114,0,12,250
0,910,136385,11.503083999997443,0.3221249999967313,0.16620899998542882,11.991750000021284,0,13,108
0,911,136386,20.351582999978746,0.7812499999886313,0.5009169999823371,21.634707999993452,0,22,394
0,912,136387,11.734125000003814,0.2040420000071208,0.15837499998383464,12.097000000011349,1,4,92
0,913,136388,11.289375000018254,0.08875000000330147,0.06112500000199361,11.440374999978076,0,3,28
0,914,136389,11.607166999993979,0.16737499998953353,0.10291600000300605,11.878207999984625,0,5,72
0,915,136390,11.32229099999904,0.041541999991068224,0.02333300000145755,11.387874999996939,0,3,8
0,916,136391,11.395083000024897,0.06804200000942728,0.035625000009531504,11.499416000020801,0,4,18
0,917,136392,11.626249999977745,0.12966700001015852,0.0870409999720323,11.843792000007625,0,3,56
0,918,136393,11.671082999981763,0.5007079999757025,0.3264999999998963,12.498792000002368,0,9,266
0,919,136394,11.686582999999473,46.99199999998882,46.12016600000857,104.79979199999434,1,17,29872
0,920,136395,13.165416999981971,0.6201250000117398,0.13387499998884778,13.919832999988557,0,6,94
0,921,136396,11.46391700001459,12.272042000006422,7.181541999983665,30.91879100000483,1,189,6008
0,922,136397,11.440084000014394,0.6740420000141967,0.3911260000108996,12.505583000006482,2,8,310
0,923,136398,11.857292000001962,3.8257920000148715,2.9214170000102513,18.60533300001066,1,11,2376
0,924,136399,11.154167000000825,0.247749999999769,0.1307500000109485,11.533334000006334,0,9,86
0,925,136400,11.396999999988111,0.04974999998808016,0.0200839999706659,11.467207999999118,0,2,6
0,926,136401,14.684582999990425,0.698499999998603,0.49904099998343554,15.882542000014155,1,6,402
0,927,136402,20.96716699998069,3.605792000001884,2.8183339999827695,27.391875000006394,0,9,2224
0,928,136403,11.38104099999282,0.31504199998266813,0.16033400001447262,11.85770800000796,0,9,118
0,929,136404,11.365083000015375,0.16608399999995527,0.0870419999898786,11.618959000003315,0,7,62
0,930,136405,12.836542000002282,7.201708000025064,5.831707999988112,25.871209000001727,0,3,4500
0,931,136406,11.245999999999867,0.2536249999991469,0.12225099999341182,11.622332999991158,1,6,86
0,932,136407,11.496499999992693,0.03166700000178935,0.014541999973971542,11.543334000009509,0,2,4
0,933,136408,11.502707999994755,14.177915999994184,11.606916000005185,37.28883400000882,0,9,8734
0,934,136409,11.698250000023336,0.4384579999907601,0.22979100000952712,12.366915999990624,0,2,168
0,935,136410,11.287000000010039,0.14254100000243852,0.09070900000551774,11.520625000002838,0,4,64
0,936,136411,11.208791000001384,36.152958999991824,37.36604099998431,84.72850000001131,0,13,23118
0,937,136412,11.58304099999441,0.4950839999935397,0.10820799997190989,12.18666700000881,0,5,70
0,938,136413,11.455041999994364,1.8116669999983515,1.2999590000219996,14.567374999984395,0,13,1070
0,939,136414,11.681041000002779,0.32841699999153207,0.20729199999891534,12.217374999977437,1,6,154
0,940,136415,11.314666000004081,130.3259999999966,111.79275000000644,253.43499999999608,3,336,76492
0,941,136416,13.986040999981242,7.133958000025586,4.394249000000627,25.515791999993098,30,38,3650
0,942,136417,11.538416999997025,0.17012500001101216,0.06208299998888833,11.771125000024085,1,7,38
0,943,136418,20.45062499999517,61.350584000024355,54.74037500002282,136.5435419999983,2,24,38620
0,944,136419,11.4223749999951,8.434166999990111,6.340459000000465,26.198208000010936,0,5,4870
0,945,136420,11.53958300000113,0.11145900000997244,0.028250000013940735,11.67970800000262,1,3,12
0,946,136421,11.216916999984505,2.1879159999969033,1.623833000024888,15.029333999990513,0,4,1308
0,947,136422,11.539208000016288,0.2403339999830223,0.1440409999986514,11.924625000006017,0,4,110
0,948,136423,11.02391599999919,0.01029200001312347,0.004749999988007403,11.039584000002378,0,1,0
0,949,136424,11.566624999971964,0.1584590000049957,0.10295900000301117,11.82841700000381,0,4,72
0,950,136425,11.5484170000002,20.168500000011136,15.140041999984533,46.85812499999997,0,26,12374
0,951,136426,11.939957999999251,1.1843749999798092,0.7490420000237918,13.87387500000159,5,7,598
0,952,136427,11.484250000023621,1.3585410000018783,0.9806249999826377,13.823999999999614,0,14,804
0,953,136428,11.123874999981354,0.12270799999214432,0.06362400000625712,11.310625000021446,0,4,44
0,954,136429,11.557333000013159,0.2107919999900787,0.13600100001553983,11.904708999992408,2,4,98
0,955,136430,11.817083000011053,0.3453330000127153,0.21025000000918226,12.3733750000099,3,8,148
0,956,136431,12.31341599998359,5.33162499999662,3.9542089999997643,21.599749999978712,1,13,3198
0,957,136432,12.435000000010632,2.854624999997668,2.133832999987817,17.424250000004804,0,10,1642
0,958,136433,11.275124999997388,0.21858400000951406,0.09654100000489052,11.59054199999332,0,12,68
0,959,136434,19.76062500000353,0.9966670000096656,0.8087509999654685,21.56654099999855,0,3,610
0,960,136435,11.304332999998223,0.09204199997725482,0.04666700002076141,11.443416999981082,0,4,26
0,961,136436,11.455874999995785,7.357167000009213,6.013959000000568,24.827375000000984,0,10,4552
0,962,136437,11.617124999986572,0.2766669999800797,0.14087499999959618,12.035042000007934,1,4,106
0,963,136438,11.353791000004776,0.5419999999958236,0.30558300002780925,12.202542000011363,0,12,212
0,964,136439,11.411834000000454,4.714917000001151,3.266749999994545,19.394583000007515,3,41,2748
0,965,136440,11.471416999995654,0.6521249999877909,0.40191600001548977,12.526083000011567,0,12,322
0,966,136441,11.470584000022654,0.14375000000654836,0.08212599999524173,11.697457999986227,1,9,50
0,967,136442,11.139915999990535,0.7438749999835181,0.5524169999944206,12.436667000002899,4,11,420
0,968,136443,11.104041999999481,0.5346250000002328,0.3503339999895161,11.989625000012438,7,14,284
0,969,136444,11.646708999990096,0.069208000013532,0.03662500000700675,11.75349999999753,0,3,18
0,970,136445,11.527374999985796,0.15024999999013744,0.09691699997915748,11.775083000003406,0,4,68
0,971,136446,11.492583000006107,0.27633300001639327,0.21295800002008036,11.983082999989847,2,5,142
0,972,136447,11.416207999985772,0.37254100001860024,0.24558300000876443,12.034583999991355,1,8,186
0,973,136448,11.409500000013395,1.1468750000176442,0.8234169999923324,13.380291000004263,1,12,632
0,974,136449,11.536874999990232,0.8823750000033215,0.6780419999756759,13.098334000005707,2,15,460
0,975,136450,19.89399999999364,2.5430829999777416,1.9246250000435339,24.362124999981916,0,11,1554
0,976,136451,11.347250000000031,0.16600000000721593,0.07916600000612561,11.593082999979742,1,5,46
0,977,136452,11.58533299999931,0.23654200001033132,0.1413749999983338,11.963584000000083,0,6,106
0,978,136453,11.616459000009627,0.23049999998647763,0.16491599998857964,12.012499999997317,0,3,120
0,979,136454,11.680083000015884,0.3607500000271102,0.2529159999937747,12.29429200000709,2,7,182
0,980,136455,11.281499999995503,0.2793749999909778,0.16912500001353692,11.730333000002702,1,8,126
0,981,136456,11.787042000008796,9.349916999980223,7.535249999989446,28.6728339999911,0,10,5684
0,982,136457,11.45937500001537,0.3270839999913733,0.097167000006948,11.884082999984003,0,11,74
0,983,136458,11.919708999982959,0.1154579999820271,0.0809170000195536,12.116792000000487,0,4,44
0,984,136459,11.532875000000331,0.7951250000246546,0.6686679999745593,12.997208000001592,1,6,458
0,985,136460,11.551582999999255,0.37412500000755244,0.2389999999934389,12.166124999993144,0,9,174
0,986,136461,11.885750000004691,1.6168749999962984,1.1973750000038308,14.700666999999612,2,6,946
0,987,136462,11.625957999996217,19.541792000012492,16.377457999993794,47.54624999998214,0,9,11948
0,988,136463,11.130750000006628,0.2641670000116392,0.03508400001805967,11.430708000006007,1,2,8
0,989,136464,11.619292000005998,0.2892089999875225,0.1950000000192631,12.104292000003625,1,5,144
0,990,136465,11.304124999981013,0.11141599998154561,0.08429199999682169,11.500167000008332,0,4,50
0,991,136466,19.62762499999826,0.3325830000164842,0.2486670000223512,20.20962500000678,0,5,182
0,992,136467,11.412041999989242,0.19850000001042645,0.13716699999122284,11.748250000010785,1,7,78
0,993,136468,11.347957999987557,14.30408300001318,12.247249000012062,37.900917000001755,7,13,8920
0,994,136469,11.4515420000032,0.43745799999328483,0.2347079999935886,12.124333999992132,0,4,166
0,995,136470,11.688916999986532,0.05791600000293329,0.03095799996799542,11.778249999991885,0,3,14
0,996,136471,11.763750000000073,0.1287080000054175,0.09233299999777955,11.984999999981483,0,2,60
0,997,136472,11.149291999998923,0.058499999994410246,0.035999000004949266,11.24412499999039,1,3,20
0,998,136473,11.562916000002588,4.981291000007104,4.2158329999892885,20.760582999997723,0,3,3152
0,999,136474,11.33758299999954,3.034041000006482,1.7800830000282986,16.152083999998013,0,37,1518
1,0,135475,20.70462500000758,81.88375000000292,57.26300000000606,159.8528330000022,1,54,41508
1,1,135476,12.487042000003612,0.5722500000047148,0.04737499999407646,13.107750000003193,0,5,20
1,2,135477,11.99987500000077,1.8120419999974047,1.3547920000149816,15.167707999992786,4,15,1112
1,3,135478,11.92508399999781,61.72325000000001,57.617750000005685,131.2669160000013,0,43,38264
1,4,135479,12.37216599999158,0.5996670000030235,0.09941599999763184,13.072167000004242,1,3,66
1,5,135480,12.140082999991364,1.681583000006981,1.1030009999899448,14.925292000000923,3,11,910
1,6,135481,11.828832999995598,2.1811249999927895,1.6210000000000946,15.631916999993223,0,5,1264
1,7,135482,12.043583999997054,0.039792000009697404,0.004876000005538117,12.088665999996806,0,1,0
1,8,135483,12.409167000001275,0.7653330000039205,0.5436259999953563,13.719167000004973,0,8,394
1,9,135484,11.975292000002469,3.5537079999983234,2.713958000015282,18.24400000000992,1,4,2126
1,10,135485,12.405334000007429,51.67962499999135,49.16320799999596,113.250249999993,1,14,32032
1,11,135486,16.088916000001063,34.85029200000156,34.851458000005664,85.79254199999298,0,18,21768
1,12,135487,11.853999999999587,0.7086249999872507,0.27199999999538704,12.835209000002124,0,13,206
1,13,135488,12.053291999990279,65.35508300000004,65.69450000000643,143.10416600000053,0,9,41334
1,14,135489,12.064249999994558,0.6025409999921294,0.0754160000013826,12.742874999986498,2,6,50
1,15,135490,19.936000000001286,0.03999999999848569,0.022041999997668427,19.998375000000124,1,3,8
1,16,135491,11.694040999998379,2.2248329999996486,1.7655410000116945,15.685458000007202,0,7,1358
1,17,135492,11.834542000002557,34.03758299999993,35.05670799999905,80.92974999999569,0,10,21668
1,18,135493,12.344291999994539,1.113083000007009,0.5979160000038064,14.056125000010411,1,11,482
1,19,135494,11.962041000003865,0.4199170000021013,0.2722920000053364,12.654959000002464,0,7,196
1,20,135495,11.866625000010345,0.18783299999824976,0.1027080000000069,12.157666999996763,0,6,76
1,21,135496,11.771499999994717,27.15295800000206,22.04054100000974,60.9663329999961,5,41,16710
1,22,135497,12.313667000000805,1.1579579999931866,0.6690000000020291,14.141334000001393,1,11,532
1,23,135498,11.863791999999762,14.897000000004823,12.262749999990774,39.02462499999615,0,18,9118
1,24,135499,12.212042000001588,76.596207999998,74.13950000000114,162.94908299998667,0,9,47888
1,25,135500,11.81025000001057,0.8243750000076489,0.15674899999851277,12.792042000000947,0,11,116
1,26,135501,11.766166999990446,0.5447499999888805,0.422291999996105,12.73387499999501,0,4,326
1,27,135502,12.201042000000939,0.037332999994532656,0.0156660000101283,12.255041000003075,0,2,2
1,28,135503,11.769125000000713,0.05483300000719282,0.029168000011736694,11.853958000003217,0,3,10
1,29,135504,11.707333999993352,29.489417000007734,22.585624999990728,63.78395800000192,0,28,17726
1,30,135505,11.87933399999963,0.8526670000037484,0.476041999988297,13.209208000006356,2,11,322
1,31,135506,20.344499999993104,0.03879099999437585,0.022666999996090453,20.406874999991942,1,2,4
1,32,135507,11.47345799999755,2.8391660000011143,2.0613749999967013,16.374583000001053,1,15,1714
1,33,135508,13.402333999991356,0.1123750000004975,0.056666999995513834,13.572332999999048,0,3,24
1,34,135509,16.980082999992874,1.8006249999871216,1.248583000005965,20.02970899999923,0,21,1002
1,35,135510,11.768249999988711,13.448959000001537,10.456291999986433,35.675041000004626,1,16,8076
1,36,135511,11.9261669999986,0.18041699999571392,0.036582999996426224,12.144125000006056,2,4,18
1,37,135512,11.75349999999753,0.07129099999758637,0.04291700001601839,11.868707999994399,0,2,20
1,38,135513,12.04025000001252,0.16962499999806369,0.14079199999628145,12.351499999994076,1,4,72
1,39,135514,11.952500000006694,0.46000000000390173,0.29466700000568835,12.707583000008071,1,10,236
1,40,135515,11.726582999997959,0.04479100000764902,0.020958000007453848,11.792749999997909,0,2,6
1,41,135516,12.155542000002129,9.22712499999534,6.0726670000121885,27.456250000000182,0,78,4990
1,42,135517,11.892041999999492,0.09974999998973999,0.01662499998644762,12.009000000006154,0,2,4
1,43,135518,11.63291700000002,32.63750000000698,30.79333300000542,75.06479200000626,0,17,20540
1,44,135519,11.70354200000645,12.927457999992953,10.479666999998472,35.111999999998034,0,26,7828
1,45,135520,12.057583000000704,0.5560000000031096,0.3171249999951442,12.93120899998712,3,13,230
1,46,135521,11.662375000000225,1.8694580000016003,1.356416999996668,14.88895800000023,0,20,1072
1,47,135522,20.151834000003532,0.07491600000264498,0.03279099999531354,20.260290999999597,0,3,12
1,48,135523,11.624582999999689,0.4259999999902675,0.3254999999882102,12.376540999994745,1,5,242
1,49,135524,11.87295799999788,18.563583999991806,15.063458000000196,45.50016700000015,9,27,11326
1,50,135525,13.478292000002057,38.53674999999157,39.70879099999536,91.72520799999972,0,11,24708
1,51,135526,11.611583000004089,0.5797090000072558,0.24108399999533958,12.4331660000081,0,5,188
1,52,135527,11.955417000010016,0.9035839999995687,0.5725000000040836,13.432332999997243,3,29,420
1,53,135528,11.940082999998936,0.20654099999717346,0.11383300000034069,12.261042000005773,3,7,78
1,54,135529,11.825999999999226,0.8181669999913765,0.5856260000030034,13.230083000010495,0,10,452
1,55,135530,11.73599999999908,86.69312499999648,85.24704199999178,183.6784579999886,0,19,54542
1,56,135531,11.87604099999362,0.7025000000027148,0.0672930000149563,12.646791999998186,1,3,36
1,57,135532,11.958165999999437,0.08208399999887206,0.044499999987124284,12.085624999997435,0,5,24
1,58,135533,11.769041999997398,0.18141699999318917,0.11824999998566454,12.069125000010672,1,7,76
1,59,135534,11.964625000004503,40.95341599999358,41.85295800000688,94.77204200000244,0,8,25886
1,60,135535,11.644958999994515,0.4103329999907146,0.06337400000688831,12.119124999998121,0,4,40
1,61,135536,11.937083999995934,0.5602499999923793,0.3359579999937523,12.834333000000697,0,20,232
1,62,135537,11.67316600000845,1.984042000003683,1.4064160000089032,15.064291999991042,0,14,1126
1,63,135538,19.774416999993605,0.23112499999911051,0.1487920000045051,20.155083999995327,2,6,98
1,64,135539,11.846957999992469,17.00200000000507,12.804332999991175,41.65391700000498,2,38,10300
1,65,135540,11.97612500000389,3.666874999993297,2.453540999994175,18.097416999992788,25,29,1978
1,66,135541,11.73708299999987,53.04008299999907,53.215332999997145,117.99366699999325,0,9,33288
1,67,135542,11.874292000001674,1.2293329999977232,0.5773750000059863,13.681790999996224,0,6,460
1,68,135543,11.578583999991565,0.5651660000012271,0.36533400000848815,12.51004099999875,1,13,276
1,69,135544,11.800542000003134,0.016250000001605258,0.007457999998905507,11.82500000000175,0,1,0
1,70,135545,11.658667000006062,0.8802090000017415,0.6153750000095215,13.154958000001216,0,12,480
1,71,135546,11.904499999999985,2.3945830000116075,1.6619169999927408,15.96154199999944,0,19,1322
1,72,135547,11.788791999990167,0.057416999993620266,0.025458000010303294,11.872249999996143,2,3,12
1,73,135548,11.953750000003538,0.38866699999573484,0.2838750000080381,12.626624999995784,0,8,200
1,74,135549,11.717000000004418,0.12312500000177806,0.0589579999967782,11.90008300000045,0,6,34
1,75,135550,11.687416000000894,0.033583000004000496,0.019666000014240126,11.741041999997037,0,2,6
1,76,135551,11.980042000004687,1.3546659999974509,0.9692910000040911,14.30491600000039,0,10,762
1,77,135552,11.157209000003832,0.019875000006663868,0.0057499999996935,11.18362500000103,0,1,0
1,78,135553,12.024709000002076,44.46137499999736,46.24200000002077,102.72908299999983,2,6,27952
1,79,135554,19.94404200000588,0.633250000007024,0.188832999995725,20.76758299999426,0,4,140
1,80,135555,12.024208999989128,35.837833000002206,37.71062500000255,85.57387499999436,0,13,22236
1,81,135556,11.90212499999177,0.6769590000033077,0.27195900000265283,12.851832999999147,0,7,208
1,82,135557,12.155625000005443,0.713583000006679,0.5183749999986276,13.388166000012802,0,6,416
1,83,135558,11.708750000011037,0.07233299999143128,0.038791999998011306,11.820584000005852,0,3,20
1,84,135559,11.768124999989027,0.07433400000422807,0.04137499999501415,11.884167000005164,1,4,24
1,85,135560,12.085917000007385,22.046333000005802,17.45629100000201,51.58954099999846,1,24,13384
1,86,135561,11.820374999999217,0.21916700001156642,0.04145900000196434,12.082083999999327,2,3,18
1,87,135562,11.864458999994554,0.05199999999661031,0.03124900000273101,11.948583000005897,0,2,16
1,88,135563,11.818333999997321,0.1260420000050999,0.08037500001023545,12.025207999997178,2,5,52
1,89,135564,11.560957999989796,0.7973749999905522,0.6453760000084685,13.00445800001171,0,3,478
1,90,135565,11.955375000013646,4.286166999989405,2.585666000001652,18.828249999998548,2,72,2242
1,91,135566,11.809166999995568,0.669458000004397,0.42304199999421144,12.90208400000381,8,10,310
1,92,135567,11.82095800000127,2.373084000012682,1.8458749999865631,16.040541999998936,0,11,1424
1,93,135568,11.98129199998732,98.73883299999875,99.39441800000282,210.11624999999867,0,23,60418
1,94,135569,13.629041000001507,0.894791999996869,0.054332999994244346,14.579791000002729,0,4,22
1,95,135570,21.01854199999309,0.11775000000113778,0.07137500001874741,21.208749999999554,0,3,44
1,96,135571,11.684375000001523,56.87266700000748,54.94395799999552,123.50262500000042,0,15,35358
1,97,135572,12.299209000005362,0.6643749999994952,0.15700100001936335,13.12116599999058,4,10,102
1,98,135573,12.189750000004551,1.7478750000066157,1.4940830000114147,15.433208999994008,0,5,1054
1,99,135574,11.745500000003517,102.1254589999927,101.64762400000882,215.520374999997,1,74,62508
1,100,135575,12.272124999995526,1.224582999995505,0.36629199999538287,13.863874999998416,0,8,272
1,101,135576,12.033208999994827,6.32837499999539,5.012084000000527,23.37425000000337,0,12,3904
1,102,135577,12.221457999999075,8.145124999998643,5.841290999995863,26.208792000005587,0,48,4800
1,103,135578,11.916624999997794,0.14366700000323362,0.03037600001221108,12.091166000004705,0,2,14
1,104,135579,11.817249999992896,0.09037499999919874,0.04533300000275631,11.953708999996593,0,5,28
1,105,135580,11.905249999998091,0.08845899999698759,0.05654200001004028,12.05116600000622,2,4,30
1,106,135581,11.691167000009273,1.0906250000033424,0.7829580000020542,13.566165999989721,0,4,616
1,107,135582,12.021042000000648,0.3600409999933163,0.2084160000066504,12.590209000009622,0,4,150
1,108,135583,11.947792000000845,1.1275419999918768,0.7635839999977634,13.839415999996163,0,14,628
1,109,135584,11.777290999987144,0.9246249999961265,0.577707999994459,13.280457999996997,0,13,494
1,110,135585,11.994083000004707,0.058499999994410246,0.022001000004934212,12.075292000005788,0,3,6
1,111,135586,20.067167000007657,0.049165999996603205,0.03195800000810323,20.14887499998963,0,2,12
1,112,135587,11.828875000006178,0.039125000000694854,0.020000000006348273,11.888374999998064,1,3,8
1,113,135588,11.851332999995634,28.436542000008558,27.002874999993765,67.29258400000049,0,13,17854
1,114,135589,11.990791000002332,1.472082999995905,0.8910420000063368,14.354208000000312,8,19,724
1,115,135590,11.686083000000735,96.67020799999193,90.04620899999338,198.40437500000974,0,56,60210
1,116,135591,12.59174999999857,0.8805000000080554,0.034751000001165266,13.508041000008575,0,2,10
1,117,135592,11.942499999989309,0.08358399999508492,0.052749999994716745,12.079749999998057,0,4,26
1,118,135593,12.202666999996836,2.3284170000010818,1.3416670000054864,15.873542000008456,1,69,1112
1,119,135594,17.50012499999798,0.07574999999349075,0.03399999999942338,17.610125000004473,0,3,16
1,120,135595,12.01850000001059,0.07087499999158808,0.04074999999659212,12.131124999996246,1,4,22
1,121,135596,11.799792000005027,51.91354100000467,51.49383299999499,115.20870800001148,2,29,32568
1,122,135597,11.785165999995684,4.18091699999934,2.572583000002737,18.539167000000134,0,25,2148
1,123,135598,11.730874999997809,39.94774999999606,30.95162499998594,82.63137500000539,0,127,23416
1,124,135599,11.66441600000212,0.7255830000048036,0.2582080000053111,12.648624999997082,7,16,168
1,125,135600,12.265499999998042,0.23183300000084728,0.18774900000551042,12.686165999994614,1,3,120
1,126,135601,11.61533299999462,48.89824999999348,48.84729100000129,109.36216699998624,0,7,30840
1,127,135602,20.47458299999505,0.7332500000103437,0.19987599998216865,21.40841700000351,0,3,138
1,128,135603,12.56808400000864,55.25470900001039,52.43941700000221,120.26337499999329,0,16,34750
1,129,135604,12.157166999998026,17.916792000008286,13.930207999990785,44.00633300001289,0,9,10906
1,130,135605,11.711791999999832,0.27875000000676664,0.06058299999267547,12.051791999994066,5,6,36
1,131,135606,12.068333000001985,13.014874999996096,10.505833000010512,35.58999999999912,1,9,8256
1,132,135607,11.988290999994433,0.3349159999999074,0.11825000001408625,12.442166999989013,0,7,72
1,133,135608,12.131124999996246,0.4479170000024624,0.2915830000205233,12.871416999999497,0,8,228
1,134,135609,11.794000000008964,0.1559159999970916,0.12466700000857145,12.075209000002474,0,2,64
1,135,135610,12.133999999988987,3.2799170000004096,2.411666000000423,17.826040999992188,1,20,1966
1,136,135611,11.731291000003807,0.20916700000839228,0.12383399999293943,12.064791000000241,0,4,92
1,137,135612,11.750707999993892,0.18129199999350476,0.09741600000268136,12.030291999991505,3,8,60
1,138,135613,12.25100000000623,0.2159999999946649,0.1312920000060558,12.598582999999053,1,8,94
1,139,135614,11.655625000003056,34.88779200000636,37.40737499998659,83.95270799999821,1,7,22374
1,140,135615,11.759417000007488,119.42062500000361,111.096042000014,242.27770899999257,0,40,74814
1,141,135616,11.864666000008128,1.4400000000023283,0.4106669999970336,13.716166999998336,0,9,314
1,142,135617,11.850624999993897,4.662957999997275,3.4652499999907604,19.980291999999622,0,12,2782
1,143,135618,19.88525000000152,0.20508299999733026,0.0735000000133823,20.164667000003078,0,6,50
1,144,135619,11.97279200000878,8.34566700000039,6.157582999989586,26.476584000008074,1,15,5100
1,145,135620,11.653667000004475,1.8992500000081236,1.1739159999848425,14.727667000002498,1,18,966
1,146,135621,11.771207999998978,0.9455000000002656,0.6671670000031327,13.384500000000799,0,5,520
1,147,135622,11.95104199999264,0.36408399999743324,0.2422499999994443,12.557666999995831,0,7,180
1,148,135623,11.978041999995526,57.14791699999466,50.18812500000536,119.3157500000126,3,36,35662
1,149,135624,13.000500000003967,0.6319169999926544,0.12250099999278063,13.755375000002346,0,8,88
1,150,135625,11.978624999997578,0.09470900000962956,0.0707910000130596,12.145040999996581,3,4,30
1,151,135626,11.153833000008717,0.3260000000011587,0.20724999998833482,11.68741700000453,6,11,160
1,152,135627,12.05429099999833,0.18125000001134595,0.1364169999931164,12.37233399999127,5,6,88
1,153,135628,11.855041999993432,91.63029200000494,86.5172500000142,190.00387500000215,0,13,57610
1,154,135629,13.587749999999232,36.31512500000156,37.78920700000299,87.69325000000094,0,15,22870
1,155,135630,11.6438750000043,0.6849170000009508,0.29070900001215705,12.620166999994353,3,6,222
1,156,135631,11.667250000002127,0.04716600000165272,0.024416999991672128,11.739292000001456,0,2,12
1,157,135632,11.955624999998804,0.1759999999961792,0.1212919999886708,12.253417000010813,0,5,84
1,158,135633,11.823374999991643,11.627208999996697,7.5242919999851665,30.975666000003343,0,97,6358
1,159,135634,19.7970410000039,0.3598749999866868,0.18287599999666782,20.34016700000052,0,3,136
1,160,135635,11.659582999996587,52.32987499999808,50.82145899999091,114.8122910000069,0,10,32932
1,161,135636,12.124083999992763,0.49262500000679665,0.04349900000022444,12.66095799999789,0,3,20
1,162,135637,11.868249999992031,0.07249999998748535,0.0440829999917014,11.985291000002007,0,3,26
1,163,135638,12.0659159999974,0.14133300000196414,0.08833399999730318,12.296582999994143,1,4,56
1,164,135639,11.66354100000433,0.591249999999377,0.37741699999571665,12.63304200000448,0,9,286
1,165,135640,11.737749999994662,0.08312500000329237,0.05237599999929898,11.87404099999867,0,2,26
1,166,135641,11.716790999997784,0.0666250000023183,0.03795899999659014,11.822209000001749,0,3,18
1,167,135642,11.971500000001356,1.2265419999977212,0.9645419999912974,14.163334000002692,0,8,702
1,168,135643,11.551875000009204,0.10525000000427553,0.06470900000010715,11.722582999993847,0,2,36
1,169,135644,12.100875000001565,1.955167000005531,1.5293330000076821,15.585834000006571,0,8,1182
1,170,135645,11.956166999993911,65.75924999999927,61.99295900000834,139.7092500000099,0,56,40768
1,171,135646,11.879124999992996,0.5289170000111199,0.02200000000129876,12.43095799999594,0,2,4
1,172,135647,11.896292000002973,29.457042000004208,25.32454199999279,66.67895900000076,0,20,18358
1,173,135648,12.160000000008608,4.070833000000107,2.9932080000065753,19.22500000000582,0,8,2356
1,174,135649,11.383249999994405,0.24287500001207718,0.16895699999963654,11.795999999989704,0,2,92
1,175,135650,20.202791999992087,28.94287499999848,24.41570900001011,73.56275000000778,0,8,18128
1,176,135651,12.139665999995941,0.4863749999941547,0.19095899999399535,12.817833000013934,0,4,128
1,177,135652,11.599375000002965,0.04641700000718174,0.021500000002561137,11.667915999993284,0,3,8
1,178,135653,12.129666999996402,0.09970800000758118,0.057166000004826856,12.287041999996973,0,4,34
1,179,135654,11.757540999994376,26.682000000008088,27.286291999999435,65.72800000000711,1,6,16896
1,180,135655,13.96712500000774,0.3747909999987087,0.09183300001325279,14.434750000006602,0,6,54
1,181,135656,12.099665999997455,0.11616700000161018,0.0651670000024751,12.281834000006597,0,4,36
1,182,135657,13.5221250000086,41.19104199999413,40.31795800000282,95.03266699999813,0,24,25600
1,183,135658,11.432416000005219,6.379375000008736,4.748667000015416,22.56162500000869,0,8,3700
1,184,135659,11.965250000002925,0.2614999999934753,0.1372920000051181,12.365415999994411,0,8,64
1,185,135660,11.843374999997991,1.567041000001268,1.0804590000077496,14.49279100000922,1,16,924
1,186,135661,11.586665999999468,14.066291999995428,10.77000000000794,36.42395900000395,0,14,8560
1,187,135662,12.036499999993566,0.25474999999630654,0.06058300000688632,12.352957999993919,0,3,30
1,188,135663,11.619459000002053,2.170708999997828,1.5990420000093764,15.389624999997409,0,16,1220
1,189,135664,11.821374999996692,1.4674579999933712,1.0787920000012718,14.368292000000338,0,2,840
1,190,135665,12.280375000003119,40.745459000007145,41.16504200001714,94.19245799999487,1,7,26016
1,191,135666,17.817541999988862,0.5412080000013475,0.12029100000177095,18.48024999999609,0,9,82
1,192,135667,12.13120799999956,0.04379200001380923,0.021875999991038952,12.19741699999588,0,2,6
1,193,135668,12.060250000004658,0.7217920000073264,0.5610829999938005,13.344000000003575,1,10,398
1,194,135669,11.616708999994785,0.08479100000613471,0.04066600000385279,11.743000000009829,0,4,24
1,195,135670,11.67074999999329,14.679666999995789,12.400790999990363,38.75220800000534,2,10,9338
1,196,135671,12.129415999993398,0.28741600000614653,0.10383400000080201,12.521207999995454,1,6,68
1,197,135672,11.762125000004175,0.3806659999980866,0.2230840000123635,12.366290999992202,0,8,156
1,198,135673,12.174999999999159,36.523291999998264,38.62999999999772,87.32941600000288,3,9,23154
1,199,135674,12.024832999998125,1.0812920000091708,0.48304300000268086,13.589666000001444,5,12,386
1,200,135675,11.888124999998695,33.031500000006986,36.02212500000235,80.94312500000456,1,5,21106
1,201,135676,12.10845900000379,3.764500000002613,2.6712909999986323,18.544958000006773,0,8,2080
1,202,135677,11.870958000002929,1.961541000000011,1.41654099998334,15.249415999988969,0,8,1168
1,203,135678,11.793750000009595,0.2472080000046617,0.12712600000952534,12.168833000004042,1,7,90
1,204,135679,11.883249999996792,1.1355829999928346,0.8654580000069245,13.885000000001924,0,10,638
1,205,135680,11.59391699999901,46.967207999998095,46.93400000000736,105.49675000000036,0,22,29536
1,206,135681,11.865958000001342,0.45450000000357704,0.05695899999125231,12.378208000001223,0,3,34
1,207,135682,20.099291999997604,18.50870799999882,15.521125000006464,54.1304169999961,7,23,11460
1,208,135683,12.358750000004193,51.740832999996655,45.60929199999464,109.7105000000056,2,37,31852
1,209,135684,11.676208000011457,32.68670799999995,30.70449999998459,75.06895900000643,2,20,20290
1,210,135685,11.554083000007154,0.3404160000002321,0.03350000000068576,11.929084000001922,1,2,10
1,211,135686,11.94337500000131,0.07920900000613074,0.04279099999848768,12.06604200000072,1,4,24
1,212,135687,12.141208000002734,0.6652080000009164,0.5207079999962616,13.327666999998655,15,18,364
1,213,135688,11.879957999994417,0.09633300000189138,0.06000100000846942,12.037333999998623,1,3,32
1,214,135689,11.732208000012179,0.08166599999981372,0.050833000003081,11.865249999999605,0,3,28
1,215,135690,12.189334000012764,0.13812500000653927,0.09158299999967312,12.419416000000183,1,4,62
1,216,135691,11.953875000003222,0.2889590000023645,0.2056250000066484,12.448999999989496,7,10,144
1,217,135692,11.686749999995527,1.5471670000124504,1.1754580000058468,14.41012499999772,0,5,924
1,218,135693,12.211874999991323,14.86412500000256,10.954581999996549,38.03154099999517,0,27,9056
1,219,135694,12.185292000012282,67.72591700000419,71.46062499998607,151.37316699998848,2,8,42758
1,220,135695,12.182875000007698,44.023875000007706,39.83137400000203,96.0398339999955,0,7,27040
1,221,135696,12.163166000007664,2.071334000007141,1.3170830000035494,15.552666999994358,2,11,1042
1,222,135697,12.01929100000143,0.06970800001226962,0.029500999985998533,12.119124999998121,0,3,14
1,223,135698,20.47566599999584,48.14504200000158,48.4890410000105,117.11175000000651,0,10,30300
1,224,135699,12.004540999996038,0.4225419999954738,0.024791999990725344,12.4524579999985,0,2,10
1,225,135700,11.49279199999853,0.08779200000219589,0.04349999998964904,11.624416000003635,0,4,24
1,226,135701,12.17474999999979,55.33658400000263,55.10612499999468,122.61883299998999,0,12,35046
1,227,135702,12.567666999999005,61.20741699999144,54.238292999997384,128.01450000000614,0,28,37874
1,228,135703,12.02050000000554,7.229624999993689,5.0672919999925625,24.318291999989583,0,22,4082
1,229,135704,12.028042000011396,0.2622909999985268,0.16000100001178907,12.451041999995027,0,2,98
1,230,135705,11.108000000007223,0.3352500000062264,0.22599999999783904,11.670334000001503,0,4,164
1,231,135706,12.026791000010917,5.489124999996875,3.9555000000035534,21.471958999995877,1,24,3290
1,232,135707,12.176207999999633,83.31854200000066,80.96662500000207,176.46279199999526,0,25,51626
1,233,135708,12.977958000007561,0.8012500000091904,0.14345799999659903,13.924000000002934,1,3,94
1,234,135709,11.54395900000793,0.9504159999949024,0.501001000017709,12.996083000004433,0,22,402
1,235,135710,12.045292000010477,5.956458999989422,4.771791999999664,22.77420900000493,0,9,3668
1,236,135711,11.798667000007868,0.45787500000926684,0.21783299999356132,12.474957999998537,1,14,174
1,237,135712,11.890417000003595,34.49008300000855,37.02745799999718,83.40904100001012,0,7,21914
1,238,135713,12.077457999993158,0.35491600000625567,0.03933200000005854,12.472416999997904,1,4,20
1,239,135714,20.4132080000079,0.31929099999672417,0.22383399999625908,20.95687499999599,3,8,170
1,240,135715,12.128333000006819,47.84045799999603,48.022584000008806,107.99204199999224,0,18,30172
1,241,135716,11.47429099999897,0.436917000001813,0.04141699999138382,11.952915999998481,0,3,24
1,242,135717,11.642042000005404,1.926832999998851,1.4263340000013613,14.996207999999456,0,13,1126
1,243,135718,11.756832999992639,3.5341669999979786,2.707166999996957,17.998667000000523,1,9,2120
1,244,135719,11.477666999994085,0.13204199998995136,0.062667000008787,11.673333000004504,0,4,32
1,245,135720,12.246750000002748,10.353207999997949,8.174417000006429,30.775167000001602,1,15,6244
1,246,135721,11.740916999997353,0.17295899999680842,0.05233299999929386,11.966583000003084,0,3,30
1,247,135722,11.860458000001017,1.2004169999926262,0.798458000005553,13.859875000008515,0,7,642
1,248,135723,11.817082999996842,0.06329200000720903,0.030084000002261746,11.911291999993523,1,3,12
1,249,135724,11.98141600001179,1.5381669999925407,1.1972089999972013,14.717625000002954,0,13,906
1,250,135725,11.9708340000102,16.288958000004072,12.930666000002589,41.19158299999981,0,23,9920
1,251,135726,11.914040999997155,20.054958000002898,15.77812499999709,47.74845800000094,4,19,12298
1,252,135727,11.773415999996928,42.073250000001394,42.628125000007344,96.47745799999541,2,14,26932
1,253,135728,12.211666999988324,0.8672500000130867,0.36212499999521697,13.441499999998996,0,6,302
1,254,135729,11.96174999999755,0.42170800000462805,0.27866699998924105,12.662834000011003,2,6,220
1,255,135730,20.290875000000597,0.17458300000328109,0.10758300000190957,20.573999999996317,1,7,66
1,256,135731,11.708041999995089,62.00245799999493,60.229708000008486,133.94200000000467,0,21,39718
1,257,135732,11.645791999995936,0.5137499999960937,0.0255839999994123,12.186291000006122,0,2,6
1,258,135733,11.806165999999507,0.3296250000062173,0.20645799999385872,12.342541999998957,0,6,162
1,259,135734,11.861541000001807,0.49050000001216176,0.3297500000059017,12.683124999995243,2,9,252
1,260,135735,11.726333999988015,0.04612499999723241,0.024375000009513315,11.797791999995866,0,2,8
1,261,135736,11.845042000004469,11.38849999999536,9.773917000003962,33.008582999997316,0,13,7216
1,262,135737,11.811665999999832,18.207291999999597,14.519166999988897,44.539749999998435,0,16,11092
1,263,135738,12.178415999997583,0.5750410000047168,0.3434590000068738,13.097874999999704,0,2,220
1,264,135739,11.976000000004206,1.602749999989328,1.1799999999766442,14.759249999997337,0,15,964
1,265,135740,11.730791999994494,0.17358399999523044,0.10824999999670126,12.013000000010265,0,3,78
1,266,135741,11.924708999998757,0.9994170000027225,0.7575839999987011,13.682166999998913,2,4,582
1,267,135742,11.736666999993872,13.565083000003142,10.778416999997376,36.081209000002445,2,14,8284
1,268,135743,12.044000000003052,0.4848749999979418,0.2349170000002232,12.764250000003585,2,11,168
1,269,135744,12.008292000004417,16.340499999998315,13.648375000002488,41.998125000006326,0,7,10172
1,270,135745,14.897292000000562,0.7945419999941805,0.457749000005947,16.15004199999248,1,6,362
1,271,135746,20.04687500000557,3.923374999999396,3.062957999986793,27.03433300000313,1,8,2316
1,272,135747,11.917000000011058,0.08158299999649898,0.023666000004141097,12.02266600000712,1,3,8
1,273,135748,11.926375000001599,76.95862500000317,74.84675000000607,163.73266699999078,1,12,48470
1,274,135749,13.306333000002724,54.57595899999035,51.465083000010736,119.3498749999975,0,8,33862
1,275,135750,12.825625000004948,2.2031660000010334,1.2882910000087122,16.31879100000333,0,22,1012
1,276,135751,11.958040999999753,13.67725000000064,10.434000000003607,36.0704999999939,5,28,8052
1,277,135752,12.341207999995163,7.865083999988087,4.263332999983049,24.47083399999883,0,146,3630
1,278,135753,12.3222080000005,75.10637500000428,70.41154200000221,157.8421660000089,0,42,46234
1,279,135754,12.122916999999234,4.2084170000009635,2.7831240000040225,19.115583999990804,0,4,2182
1,280,135755,12.190166999999974,59.64358300001038,54.84666699999252,126.68250000000114,1,48,37360
1,281,135756,11.566874999999754,0.5303749999967522,0.024000999985673843,12.1224999999896,0,2,4
1,282,135757,12.109582999997315,0.15245799998808707,0.10966700000381024,12.373167000006902,0,2,68
1,283,135758,11.82529199999749,10.218709000000104,8.578875000011976,30.624333000005777,0,6,6434
1,284,135759,12.263374999989196,0.516208000007623,0.22450100000526163,13.004707999996867,0,11,176
1,285,135760,12.040833000000362,95.12920800000302,88.20795800001235,195.3797919999971,2,65,59612
1,286,135761,11.46141699999248,0.7884169999954338,0.03375000000005457,12.284582999996019,0,2,8
1,287,135762,19.503541999995377,0.10904100000175276,0.06270900000515667,19.67608300000734,1,4,38
1,288,135763,12.109374999994316,2.498624999986987,1.7960840000057487,16.404874999992103,3,23,1450
1,289,135764,11.945083000000523,0.23554100000922062,0.10408299999653536,12.285082999994756,0,11,78
1,290,135765,11.936958000006825,0.5869579999995267,0.4273320000010017,12.951874999998836,1,8,326
1,291,135766,11.457832999994366,86.51079099999492,83.09675000000993,181.06733300000144,0,29,54188
1,292,135767,11.63420800000381,57.236540999994645,53.899208999993675,122.77149999999892,0,14,35696
1,293,135768,11.838042000007931,1.0707499999966785,0.4771669999996675,13.386624999995433,0,6,374
1,294,135769,11.737667000005558,0.5986249999949678,0.35183299999630435,12.688666999991938,0,11,272
1,295,135770,11.808000000002039,0.09370800000851887,0.04441599999438495,11.947083000009684,1,6,24
1,296,135771,11.852250000004005,0.7427500000005693,0.5365419999918686,13.13216600000544,1,5,430
1,297,135772,11.723625000001903,0.05000000000165983,0.022959000006039787,11.79700000000139,0,3,10
1,298,135773,11.790250000004221,0.5921250000113787,0.37041599999554364,12.753291999999306,0,12,252
1,299,135774,11.97583299999394,16.96929199999886,11.37783399998682,40.32399999999825,0,95,9500
1,300,135775,11.486499999989519,0.4872909999988906,0.21566600000255676,12.190209000010555,0,6,138
1,301,135776,11.91649999999811,1.1982909999943558,0.956666999996969,14.07254199999386,0,5,706
1,302,135777,14.510375000000408,0.2781250000083446,0.17029099998921993,14.959958000005713,2,11,120
1,303,135778,20.00429199999587,0.0666250000023183,0.035457999999266576,20.106999999995878,1,4,18
1,304,135779,12.11374999999748,31.391540999990752,29.277542000002654,72.78379199999563,0,10,19546
1,305,135780,12.097166999993192,0.5139579999990929,0.154541000014774,12.76637499999822,1,8,114
1,306,135781,11.959084000011444,0.13220799999658084,0.10095900000806068,12.193249999995714,0,3,54
1,307,135782,11.911124999997469,0.13595800000132385,0.0965000000121563,12.144375000005425,1,4,58
1,308,135783,12.136584000003836,0.04545800000244071,0.018291999992925412,12.200915999997619,0,3,6
1,309,135784,11.51479199999983,5.389540999999554,3.537499999978877,20.44233300000542,0,50,2860
1,310,135785,11.919000000006008,0.2550829999989901,0.13999900001238075,12.31491699999765,2,7,100
1,311,135786,11.731832999998915,0.1323330000104761,0.09070800000188228,11.955416999995805,1,4,62
1,312,135787,11.827917000005073,1.2944580000038286,0.9763759999970034,14.099458000004006,13,23,712
1,313,135788,12.006541999994624,0.09558300000378495,0.055583000005299255,12.158249999998816,1,3,34
1,314,135789,11.782749999994735,0.4672499999998081,0.35116699999093726,12.601833999994483,0,5,260
1,315,135790,11.458500000003369,0.08912500000235468,0.046834000002604625,11.595207999988588,0,4,24
1,316,135791,11.89562499999397,0.26116699999079174,0.19191799999873638,12.34929099999249,0,3,132
1,317,135792,11.59154100000137,0.08062500000960426,0.05108400000608526,11.723875000001271,0,2,32
1,318,135793,11.960500000000707,0.10050000000205728,0.056540999992193974,12.118791999995437,0,4,32
1,319,135794,20.509500000002845,22.605249999998023,18.64412500000867,61.76025000000607,6,20,13828
1,320,135795,11.641542000006666,2.8157079999999723,1.8493330000097785,16.307083000000944,0,9,1534
1,321,135796,12.034749999997985,19.454041999992455,15.01083200001574,46.50070900000003,3,40,12066
1,322,135797,11.903416999999195,0.38508400000125675,0.15554200000167384,12.444415999993907,0,2,116
1,323,135798,11.83062500000176,0.061875000000100044,0.03733399999816811,11.930665999997814,0,2,16
1,324,135799,11.88920899998891,0.07083299999521842,0.04579100000512426,12.006624999997939,1,3,22
1,325,135800,11.838666999992142,0.5730419999991909,0.34825000000182627,12.76020900000674,2,13,280
1,326,135801,11.846500000004312,1.0570000000029722,0.6961679999903936,13.60045900000273,0,6,546
1,327,135802,11.554416999999262,0.9386659999961466,0.7248339999961217,13.218332999997529,0,7,546
1,328,135803,11.74154100000635,4.509124999998448,2.961666999993895,19.212667000005013,0,31,2380
1,329,135804,11.754917000004639,0.2611250000086329,0.14925000000687305,12.165749999994091,2,10,110
1,330,135805,11.886958000005166,8.98587499999337,6.3114999999953625,27.184790999996267,1,61,5048
1,331,135806,12.09245800001213,35.13712500000565,34.036791999994875,81.26724999999624,2,8,22478
1,332,135807,11.856166000001167,45.06316700000923,45.44475000000148,102.36537500000509,4,16,28182
1,333,135808,11.529249999995272,8.7832080000112,6.675958999991849,26.98949999999911,0,9,5250
1,334,135809,11.75662500000385,2.1723750000006703,1.559916000005046,15.48941699999773,9,11,1248
1,335,135810,20.511749999997164,0.2815419999961932,0.19516600001168172,20.98912499999983,1,4,142
1,336,135811,11.867334000001506,6.042624999992086,4.6415839999980335,22.552458000006936,0,13,3576
1,337,135812,11.69500000000312,0.11229200001139361,0.03079200000399851,11.838791999991827,0,3,14
1,338,135813,11.726499999994644,0.20287499999938063,0.15004200000134915,12.08041700000706,0,5,78
1,339,135814,12.165792000004672,15.513249999997925,11.783375000007368,39.46366700000681,1,21,9502
1,340,135815,12.313040999998748,6.675166999997373,5.088708000002384,24.07733300000814,0,11,3994
1,341,135816,11.915999999999372,0.3893749999974716,0.23220900000353595,12.53845900001238,1,6,170
1,342,135817,11.777167000005306,0.04224999999280499,0.021500999991985736,11.84137499998883,0,2,8
1,343,135818,12.028374999999869,0.12091699998961758,0.09287600001073315,12.243374999997059,2,4,52
1,344,135819,11.875791000008462,172.23987500000248,156.64012499999558,340.7572499999958,0,83,105592
1,345,135820,12.34079099999974,1.3448330000045416,0.10812499999701686,13.794833000005724,1,3,54
1,346,135821,12.071042000002308,22.925040999993485,17.73254100000088,52.73095799999794,0,19,13614
1,347,135822,15.766708000001017,1.1282090000008793,0.6627919999999676,17.5586250000066,0,12,522
1,348,135823,11.97162499998683,0.31808300001046064,0.1774579999960224,12.467415999992681,0,13,138
1,349,135824,11.776291999993305,0.11212500000112868,0.0641250000086302,11.953540999996903,0,4,42
1,350,135825,11.717500000003156,63.6179579999947,59.62949999999978,134.96712500000285,1,30,39474
1,351,135826,19.66716699999438,2.0360420000002932,1.0747499999865795,22.779166000006512,0,13,898
1,352,135827,11.717208999996842,60.29558299999849,56.31004100000325,128.32466599999748,0,23,37824
1,353,135828,11.282166999990295,0.6444170000037275,0.10716700001012214,12.034499999998616,0,3,62
1,354,135829,11.859000000001174,48.183457999996904,49.4279999999776,109.47224999999605,0,9,30584
1,355,135830,12.669416999997907,0.5007080000041242,0.02933300000051986,13.199874999997974,1,3,10
1,356,135831,11.542416999986926,0.15404200000546098,0.07270800000469535,11.76962499999945,1,9,50
1,357,135832,11.67433300000198,0.07679200000154651,0.04500000000007276,11.796625000002336,2,5,26
1,358,135833,12.068124999998986,0.7335420000060822,0.5526670000080003,13.355000000004225,4,6,434
1,359,135834,11.737334000002875,0.1319999999935817,0.07420900000454367,11.9444580000021,0,3,50
1,360,135835,11.948416000009843,0.39233299999352766,0.23841699999138655,12.57958300000439,1,14,188
1,361,135836,12.116707999993537,1.839665999995077,1.259290999996665,15.215999999995233,0,23,1012
1,362,135837,12.019916999989277,155.506625000001,144.24100099999748,311.7692090000048,0,50,95752
1,363,135838,12.222082999997497,1.3987499999927877,0.17499999999870397,13.796959000003994,1,6,120
1,364,135839,11.692292000006432,0.052791000001661814,0.04258300000969939,11.788582999997743,0,2,10
1,365,135840,11.889875000008487,85.93041599999651,67.44341600000325,165.2654159999969,0,376,50046
1,366,135841,12.37900000000991,1.051334000010229,0.21687499999245574,13.648250000002804,0,18,158
1,367,135842,19.703791999987175,54.720833999994056,53.23399999998912,127.66045799999404,1,25,34460
1,368,135843,12.07279199999789,0.5448750000027758,0.04299999999091142,12.661665999999627,1,4,22
1,369,135844,11.921749999999065,71.85537499999839,68.29254199999468,152.07141700000193,0,21,46076
1,370,135845,11.600291999997125,0.5992500000076006,0.03091600000004746,12.231499999998618,0,2,8
1,371,135846,11.704124999994292,0.5011660000064921,0.26354099999537084,12.470083000010845,2,15,208
1,372,135847,11.896833000008655,65.8168750000101,61.44566699998677,139.1612500000008,0,38,41946
1,373,135848,11.849750000010317,1.0259170000068707,0.2933749999982638,13.17033299999082,0,14,222
1,374,135849,11.638458999996715,1.4853339999945092,1.0569589999960272,14.181500000006508,0,19,848
1,375,135850,11.766334000000711,0.10245900000427355,0.05279200000529727,11.922292000008383,0,3,30
1,376,135851,11.931958000005238,85.00045799999612,78.74254200000053,175.67662499999415,9,49,53052
1,377,135852,11.465166999997223,0.6898750000061682,0.00895900001296468,12.164249999997878,0,1,0
1,378,135853,12.054208000009226,0.4067919999926062,0.26583300000027066,12.727792000006843,3,9,210
1,379,135854,11.877957999999467,5.78562500000146,4.276375000003441,21.940999999998212,6,16,3542
1,380,135855,11.828042000004757,0.76225000000818,0.5300429999977041,13.120666000006054,1,8,406
1,381,135856,11.80099999999129,0.19962499999337524,0.11270799998897019,12.11399999999685,4,9,76
1,382,135857,11.912167000005525,39.03370899999459,39.51849999999979,90.46629200000211,2,15,24820
1,383,135858,20.13137499999118,0.5683330000039177,0.13866600001222196,20.838917000006063,0,4,100
1,384,135859,11.747499999998468,0.009582999993540398,0.003999999989900971,11.761375000006069,0,1,0
1,385,135860,11.632833000007281,0.06029199998636159,0.061083000005623944,11.755042000004323,0,2,16
1,386,135861,11.631708999999546,0.13729199999090724,0.08637499998087605,11.855916000001798,1,4,56
1,387,135862,12.009000000006154,0.042832999994857346,0.023832999985984316,12.076082999996629,0,2,10
1,388,135863,11.731333000000177,0.011790999991490025,0.008667000003015346,11.752666999996109,0,1,0
1,389,135864,11.784625000004212,0.8147919999998976,0.5432500000068785,13.143624999997883,1,9,426
1,390,135865,11.78166600000452,0.1695409999911135,0.09391700000094261,12.04562499999895,0,6,64
1,391,135866,12.13041700000872,0.21575000000950695,0.13766700001838217,12.484416999996029,4,6,96
1,392,135867,11.484999999993306,0.01016600000980361,0.004750000002218258,11.500499999996805,0,1,0
1,393,135868,12.621042000006355,2.701791999996317,1.8630840000071203,17.186624999993683,0,13,1570
1,394,135869,13.174541999987355,63.28541700000301,63.49062399999639,139.9522919999896,1,12,40172
1,395,135870,15.303583000005005,1.3775410000107513,0.5614170000001195,17.243415999999456,0,9,454
1,396,135871,11.884707999996635,0.05633300000340569,0.020791000011399774,11.962374999995973,0,3,8
1,397,135872,12.084792000010225,49.036291999996706,50.06175100000121,111.18379200000561,0,10,31360
1,398,135873,11.91512500000158,0.9587919999916039,0.26800000000548607,13.142334000008304,5,18,204
1,399,135874,20.092042000001697,0.05966699998793956,0.034292000009372714,20.186709000000747,1,3,18
1,400,135875,11.635583999989763,0.3157919999949854,0.1817069999958676,12.133583000007775,1,14,132
1,401,135876,11.903959000008513,0.18525000000124692,0.12537499999609736,12.21508300000096,0,3,90
1,402,135877,11.799832999997761,0.052749999994716745,0.03191700000115816,11.885750000004691,0,2,12
1,403,135878,11.757583999994381,0.06720899999379526,0.03970899999217181,11.864791000007813,0,3,22
1,404,135879,12.054666999986807,0.4522909999877811,0.2959999999916363,12.80320899999765,1,10,240
1,405,135880,11.787208000001215,0.26720800001100997,0.18141600000376457,12.236957999988363,8,11,130
1,406,135881,12.316374999997493,42.859250000006455,43.43325000000675,98.61083300000928,0,16,26976
1,407,135882,11.973791999992045,6.289457999997694,3.7600410000067086,22.02408400000877,1,69,3156
1,408,135883,39.91233400000738,0.1651660000021593,0.07666599999822665,40.154874999998924,2,3,44
1,409,135884,11.958583000009071,0.0990829999949483,0.048458000009077296,12.106750000000943,0,5,32
1,410,135885,11.852416000010635,0.18799999999430383,0.11225099999023769,12.15304200000844,3,8,80
1,411,135886,11.690041999997902,0.0766670000018621,0.04299900000148682,11.810291999992728,0,3,22
1,412,135887,11.963749999992501,14.96024999998724,12.724542000000838,39.649834000002215,1,8,9176
1,413,135888,11.811584000000153,33.67074999999886,35.946875000007594,81.43024999999682,0,5,21372
1,414,135889,11.70262499999808,0.34487499999613647,0.04379199998538752,12.091584000003763,4,6,24
1,415,135890,17.438041000005455,0.1273750000052587,0.07320799998922212,17.639250000001994,5,7,44
1,416,135891,11.854208000002586,0.17083299999853807,0.09783299999810424,12.1237910000076,0,6,66
1,417,135892,11.66870800000197,37.86312500000122,35.59183399998744,85.12487500000532,0,6,24160
1,418,135893,11.731457999999861,0.4285410000051115,0.0501660000082893,12.211292000003482,0,4,30
1,419,135894,12.043875000003368,38.07033400001103,39.5948749999917,89.71033400000294,0,12,24084
1,420,135895,11.825625000000173,0.40262500000665113,0.04133299999864448,12.27020799998968,0,5,22
1,421,135896,11.959415999996281,1.6001250000101663,1.006751000005579,14.566874999999868,0,25,818
1,422,135897,11.817917000001898,0.16304199999694902,0.10491700000159199,12.08683299999791,6,7,62
1,423,135898,11.664624999994544,0.5125420000098302,0.38387500001135777,12.561833999995997,3,5,278
1,424,135899,11.91620800000237,0.25195800000687996,0.15833300000167583,12.327291999994827,1,7,118
1,425,135900,11.937583000005247,1.72399999999584,1.2512079999993375,14.91370899999822,2,16,994
1,426,135901,11.613167000007252,0.2278340000003709,0.14875099998334917,11.990291000003594,0,2,108
1,427,135902,11.627958000005378,39.07195899999749,40.102416999985735,90.80391599999871,0,16,24610
1,428,135903,11.609542000002193,0.5110410000099819,0.13758300001143198,12.259083000003557,0,4,92
1,429,135904,11.773290999997243,0.5967919999960714,0.40541699998186687,12.776457999990498,0,9,292
1,430,135905,11.617000000001099,9.020707999994215,7.12733299999968,27.765750000000367,1,14,5466
1,431,135906,17.584708000001115,0.3317079999902717,0.1625829999909456,18.080166999993708,1,7,118
1,432,135907,11.742334000004462,0.08350000000234559,0.04575099998760379,11.872083000000089,4,5,26
1,433,135908,11.910957999987204,5.4472080000067535,4.212124999995126,21.570917000005352,0,7,3308
1,434,135909,11.891165999998066,0.9694580000001451,0.6394169999879296,13.500457999995774,1,5,510
1,435,135910,11.83799999999735,6.057333999990533,4.187458000004085,22.083207999997967,0,21,3542
1,436,135911,11.564875000004804,2.526791999997613,1.8560419999857913,15.948459000000526,4,9,1480
1,437,135912,11.830375000002391,0.09929099999794744,0.05191700000750643,11.982375000002321,2,4,26
1,438,135913,12.311416999992275,0.31508300000382405,0.18274999999334796,12.809665999995445,1,13,136
1,439,135914,11.898208000005184,0.4873749999916299,0.35916800000279636,12.745207999998343,19,22,252
1,440,135915,11.6122079999883,0.0816250000070795,0.046208000000547145,11.740791999997668,0,3,28
1,441,135916,11.874042000002305,0.2765830000015512,0.17204200001685876,12.323749999993083,1,10,126
1,442,135917,11.897915999995234,0.0517499999972415,0.0255830000099877,11.97591700000089,1,3,10
1,443,135918,11.964833000007502,54.53070800000148,53.57070799999519,120.06766700000071,0,43,34114
1,444,135919,12.00775000000931,0.7050420000069835,0.17208399999901758,12.885249999996518,0,5,124
1,445,135920,11.65920900000117,46.26162499999964,46.75924999999381,104.68124999999873,0,16,29200
1,446,135921,11.730790999990859,56.73995800000853,56.96216699999468,125.43483400000355,0,6,35594
1,447,135922,17.326499999995804,4.25687499999583,2.8598740000091993,24.444250000001944,0,16,2290
1,448,135923,11.799375000009604,0.22750000000826276,0.12312600000541352,12.15104199999928,0,7,86
1,449,135924,11.819041999999058,0.2764590000055023,0.16183400001068549,12.257750000003398,0,7,124
1,450,135925,11.851667000001953,80.6479999999965,76.21879100000228,168.720124999993,0,34,50468
1,451,135926,12.144790999997213,1.033000000006723,0.29841599999258506,13.477042000005213,0,6,230
1,452,135927,12.306832999996686,0.16050000000689124,0.09862400000315574,12.566958999997269,0,3,62
1,453,135928,12.078958000003581,0.2020000000015898,0.12245799999277551,12.40391700000032,0,7,88
1,454,135929,11.417583999985936,0.09691699999336834,0.05012500001555509,11.56566699999928,0,4,26
1,455,135930,11.668499999998971,0.2826249999969832,0.16016699998999684,12.112250000001268,12,20,116
1,456,135931,11.69670799998812,0.23187499999721695,0.17375000000185992,12.10304200000678,1,9,100
1,457,135932,11.89758299999255,1.6267919999961578,1.29083299999877,14.815541999993798,9,15,944
1,458,135933,11.764374999998495,0.3525829999944108,0.16616599999963455,12.28437500000723,0,10,128
1,459,135934,11.876834000005942,0.07587499999317515,0.04270799999517294,11.996207999999342,0,3,20
1,460,135935,11.935583999999722,0.06333299999994324,0.027166999984729046,12.026624999990077,1,3,10
1,461,135936,12.174375000000737,5.279874999999379,3.795792000005349,21.25099999999236,1,22,3086
1,462,135937,11.58516699999268,0.4073750000088694,0.14283400000181246,12.136291000004462,0,5,108
1,463,135938,17.84604200000217,0.7020839999967166,0.48716700000284163,19.03633399999194,5,13,384
1,464,135939,11.924500000006333,2.8092909999912763,1.9662500000094951,16.700915999990684,0,10,1620
1,465,135940,11.94908400000827,0.16595900000027086,0.08549999999729607,12.201458000006937,0,5,58
1,466,135941,12.103707999997937,0.15791699999567754,0.08758399999919675,12.350334000004182,0,9,56
1,467,135942,11.93570799999577,1.3211250000040309,0.9432089999990012,14.20050000000117,0,8,754
1,468,135943,11.998874999989084,0.3174580000120386,0.16462499999647662,12.482000000005655,0,8,118
1,469,135944,11.736999999996556,0.15408400000183065,0.08545900000456186,11.977125000001365,0,5,60
1,470,135945,11.666625000003705,0.06979200000500896,0.029625000010469194,11.76645800001097,2,4,12
1,471,135946,11.970458000007511,0.7559579999991684,0.5025000000102864,13.229459000001498,1,15,400
1,472,135947,12.070875000006254,0.18000000000029104,0.12745899999799803,12.379332999998383,1,2,84
1,473,135948,11.84891600000526,0.22508299998946768,0.16587499999332067,12.240250000004949,0,5,110
1,474,135949,11.987292000000593,53.51299999999526,49.80808300000206,115.30916699999239,0,25,33332
1,475,135950,11.88175000000058,0.5450409999951944,0.07600000000707041,12.503167000005533,0,3,48
1,476,135951,11.993833000005338,13.60666700000479,10.079791999984877,35.68174999999485,0,43,7854
1,477,135952,11.777417000004675,70.4015409999954,61.55824999999027,143.73849999999777,0,38,43578
1,478,135953,11.776249999996935,1.6102080000024444,0.764541999998869,14.15187500001025,0,7,616
1,479,135954,17.860292000008826,0.09562500000015461,0.0428339999984928,17.99954099999468,0,6,22
1,480,135955,11.815541999993684,79.88174999999842,75.55383300000074,167.25308300000563,0,28,49452
1,481,135956,11.87412500000562,17.28712499999574,12.511167000013756,41.67312500000264,0,28,10352
1,482,135957,11.901792000003297,0.24429199999076445,0.07858300001828411,12.22562499999924,0,3,48
1,483,135958,11.988459000008334,1.8910830000038459,1.3437920000001213,15.223624999990193,0,13,1092
1,484,135959,11.860916000003385,4.338208999996596,2.9127079999966554,19.11245799999506,0,25,2398
1,485,135960,12.259749999998348,25.056042000002776,24.655250000009232,61.97245799999962,2,9,15674
1,486,135961,11.864000000002761,0.4134579999970356,0.13837400000227262,12.416416999997182,0,5,96
1,487,135962,12.40895799999464,0.1882500000078835,0.11933300001487623,12.717459000000986,0,5,80
1,488,135963,16.15049999999485,0.6473340000070493,0.3333330000003798,17.132415999995487,0,10,252
1,489,135964,13.77295800000411,0.2938330000006317,0.18887600000994098,14.256916000007891,0,6,130
1,490,135965,12.688249999996515,1.6216659999912508,1.1090829999886864,15.420458999997777,2,10,904
1,491,135966,11.957834000000389,0.1525420000092481,0.05870799999740939,12.169832999987307,0,8,34
1,492,135967,11.777750000007359,0.11775000000113778,0.07449999999664669,11.970958000006249,0,5,42
1,493,135968,11.870290999993927,0.011166000007278853,0.008084000000962988,11.890667000002964,0,1,0
1,494,135969,11.607374999996978,0.07995900000423717,0.046499999996285624,11.73420800000713,0,4,32
1,495,135970,17.244333000007828,0.16433300000073814,0.09812400000441812,17.5072499999942,1,5,72
1,496,135971,11.88054099999647,0.4674999999991769,0.33929199999249704,12.688499999995884,0,5,242
1,497,135972,11.80433300000061,0.12324999998725161,0.07712500000423006,12.005416999997465,0,4,48
1,498,135973,12.036374999993882,0.07316700001069876,0.04237500000670025,12.15304200000844,3,4,18
1,499,135974,11.489457999999786,0.11416699999244884,0.054750000003878085,11.658624999995482,1,6,34
1,500,135975,20.307000000002517,0.2511250000054588,0.16537499999458305,20.72466699999609,5,9,114
1,501,135976,12.247166999998171,1.104749999996102,0.5931250000230648,13.945999999975811,0,13,512
1,502,135977,11.75150000000258,0.017958999990241864,0.009125000019594154,11.779625000002625,0,1,0
1,503,135978,11.963166000015235,12.892875000005688,11.923207999984697,36.78108299999394,0,2,7834
1,504,135979,11.84112499998946,0.22400000000288856,0.047625000007656126,12.113416999994797,0,5,24
1,505,135980,12.03241700000035,0.42716699999800767,0.2746250000029704,12.734708000010642,0,11,210
1,506,135981,11.964167000002135,0.08216599999855134,0.046167000022023785,12.093415999999024,0,3,22
1,507,135982,11.54720799999609,0.3988340000091739,0.27137500001117587,12.218125000003965,1,6,188
1,508,135983,12.908041999992292,0.057999999995672624,0.030292999980474633,12.997250000012173,0,3,8
1,509,135984,12.473833000001378,9.720667000010508,7.978791000027741,30.174208000005365,1,20,5880
1,510,135985,11.763250000001335,1.064541999994617,0.5707919999906608,13.399458999998615,2,10,468
1,511,135986,28.785374999984015,0.09162500001025364,0.05499999994640348,28.932666000002882,3,4,32
1,512,135987,11.987958000020171,37.14104200000179,41.41870800000902,90.54924999998093,0,11,23630
1,513,135988,17.578750000012633,1.0966670000129852,0.4634999999950651,19.139749999993683,1,20,376
1,514,135989,12.20270799998957,0.7375829999887173,0.4427910000117663,13.384374999986903,1,14,308
1,515,135990,12.014166999989584,9.929749999997739,7.678500000025679,29.62437499999737,18,36,5736
1,516,135991,11.931959000008874,1.104333000000679,0.24495799999613155,13.28225000000316,1,7,184
1,517,135992,12.86320799999885,120.73074999997857,99.49433399998497,233.0900840000254,0,32,67406
1,518,135993,11.84966699997858,2.5025839999841537,1.031333999975459,15.384708999988561,0,10,856
1,519,135994,12.09424999998987,2.3962500000038744,1.8342090000089684,16.326167000016767,0,13,1436
1,520,135995,12.039041999997835,0.8453749999830507,0.5918330000156402,13.47662500000979,0,10,470
1,521,135996,11.88570799999411,0.7679170000187696,0.5173749999869415,13.171874999983402,0,8,412
1,522,135997,11.819209000009323,0.14962500000592627,0.08179099998528727,12.051500000012538,0,4,54
1,523,135998,11.694458000022223,18.8300419999905,15.590457000001834,46.11641700000746,0,10,11750
1,524,135999,12.175458000001527,51.94508399998199,51.78841599999373,115.91020800000251,5,12,32392
1,525,136000,11.829208999984075,0.956500000000915,0.3923339999971631,13.179207999996834,4,11,296
1,526,136001,12.08237500000564,0.8923750000064956,0.6793330000220976,13.6544590000085,0,4,548
1,527,136002,28.68058300001053,0.22104199999262164,0.11337600000160819,29.016291000004912,0,9,78
1,528,136003,13.62295799998492,0.7141669999839451,0.47741699998482545,14.815583000000743,0,9,372
1,529,136004,14.125124999992522,92.00520799998912,85.91979100000913,192.05220800000689,0,26,53120
1,530,136005,13.590707999981078,0.7133750000036798,0.03233300000715644,14.337708999988763,1,4,10
1,531,136006,12.270374999985734,1.09762499999988,0.8722909999789863,14.241625000011027,0,4,648
1,532,136007,11.763666999996758,0.05762500001083026,0.028750000012678356,11.851082999982054,0,2,10
1,533,136008,11.9662500000004,8.368834000009429,7.187249999986989,27.523416999997607,1,11,5316
1,534,136009,12.08858299997928,8.739709000025186,6.736707999976943,27.566791999987572,9,22,5110
1,535,136010,12.736582999991697,52.0107079999832,41.21804199999701,105.96754200000191,0,100,28472
1,536,136011,13.772458000005372,57.48170900000105,53.95312500002092,125.20949999998265,0,8,32960
1,537,136012,12.504040999999688,49.34608400000684,43.08987600001046,104.94324999999094,0,31,28098
1,538,136013,11.962374999995973,1.4157080000245514,0.747833000019682,14.12795900000674,2,10,520
1,539,136014,15.242207999989432,51.003957999995464,50.677915999983725,116.92645799999468,0,4,30040
1,540,136015,12.333124999997835,0.4448749999994561,0.03158300000905001,12.810666000007132,1,3,12
1,541,136016,12.35612499999661,2.8907920000165177,2.3581240000112302,17.606791999980942,0,3,1842
1,542,136017,12.782791000006455,60.78675000000544,60.097542000022486,133.66924999999696,10,19,36552
1,543,136018,27.694584000016675,0.5066249999856609,0.05241699997782234,28.25441699999942,0,2,28
1,544,136019,12.053790999999592,41.241708000001154,37.98079200001325,91.27870800000437,1,9,25724
1,545,136020,11.937625000001617,0.4206670000144186,0.05625000000009095,12.415374999989126,0,2,32
1,546,136021,12.058041000017283,0.9409999999832053,0.6602079999993293,13.65979199999856,0,3,528
1,547,136022,12.232915999987881,0.4737090000048738,0.26229200000216224,12.970041999977866,0,15,202
1,548,136023,11.82325000002038,1.338916000008794,0.8774590000086846,14.040082999997594,0,21,702
1,549,136024,11.749208999987104,0.04945799997813083,0.021458000020402324,11.820375000013428,0,2,8
1,550,136025,12.242416999981742,28.034332999993694,26.791833000004317,67.07008299997597,0,8,17574
1,551,136026,13.49170899999308,0.3154580000170881,0.04112600001349165,13.849332999996022,1,4,22
1,552,136027,12.031582999981083,0.12791700001457684,0.07408300001543466,12.233874999992622,3,5,50
1,553,136028,12.116458999997803,0.010709000008546354,0.006792000021960121,12.134624999987409,0,1,0
1,554,136029,12.131750000008878,112.29279099998735,113.67624999999748,238.10199999999782,6,27,70890
1,555,136030,12.917250000015201,63.54920900000138,61.683416999983365,138.1516250000061,1,7,39420
1,556,136031,12.250833999985389,0.5164580000212027,0.03349999997226405,12.801790999986906,1,3,16
1,557,136032,11.824790999980905,0.7579580000083297,0.4650410000408556,13.048083000001043,0,12,364
1,558,136033,12.014209000000164,0.053291999989824035,0.02658299996483038,12.094916000023659,0,2,8
1,559,136034,28.61016699998231,127.15104200000837,115.89566600000012,271.658374999987,0,25,79310
1,560,136035,17.02637500000037,1.2693750000210002,0.22670800001378666,18.523375000000897,3,8,132
1,561,136036,16.301249999997935,92.13470899999265,93.98850099998413,202.4261669999987,0,18,58018
1,562,136037,11.949541999996427,0.9591249999800766,0.20004199998879812,13.109458000002405,2,7,130
1,563,136038,11.93379200000777,0.07741699999996854,0.049291999999923064,12.060958000006394,1,3,28
1,564,136039,11.993499999988444,0.39891700001248864,0.23774999999659485,12.630625000014106,3,16,184
1,565,136040,11.809042000010095,0.06216700001004938,0.03208300000778763,11.90408299999035,0,3,10
1,566,136041,11.66312499998412,0.4745409999884487,0.3142919999845617,12.452542000005451,0,10,246
1,567,136042,11.950583999976061,0.17016699999317098,0.11016700000254787,12.23208299998646,1,5,70
1,568,136043,11.81829199998674,0.6450420000021495,0.46608300002048964,12.929834000004803,6,8,354
1,569,136044,11.863416000011284,43.448000000012144,43.691666999990275,99.00391700000455,0,37,27240
1,570,136045,11.67783400001099,15.959541000000854,12.677832999997918,40.31629100001055,1,7,9742
1,571,136046,11.618542000007892,2.395124999992504,1.6881669999690985,15.702540999996017,0,6,1344
1,572,136047,11.961874999997235,9.82550000000515,7.980748999983689,29.768958999994766,0,5,5936
1,573,136048,12.22254199998929,1.290750000009666,0.9057920000259401,14.419874999987314,0,3,678
1,574,136049,11.873916000013196,0.2531250000004093,0.19374900000457274,12.32120899999245,0,5,122
1,575,136050,27.517042000027914,0.09912499999131796,0.06475100002489853,27.681749999999283,0,2,38
1,576,136051,11.828667000003179,9.586874999996553,8.179084000005332,29.595124999985956,1,4,5968
1,577,136052,11.854041999981746,1.7909999999972115,1.1569170000029771,14.802459000009094,1,8,924
1,578,136053,12.537417000004325,0.10512500000459113,0.055207999992035184,12.698542000009638,0,3,30
1,579,136054,11.731832999998915,0.20779100000822837,0.15458400002898998,12.095249999987345,0,2,100
1,580,136055,11.976000000004206,59.95837499997947,57.163083000034476,129.09849999999778,0,37,37336
1,581,136056,12.428209000006518,0.8520410000016909,0.21504100001834558,13.49583299997903,1,15,164
1,582,136057,11.485374999978148,25.72774999998728,21.310249999999087,58.52529100002357,0,20,16102
1,583,136058,12.056042000011757,0.336833000005754,0.07020899997201013,12.464166000000887,1,3,40
1,584,136059,11.685166999996,0.8096249999880456,0.6227499999624797,13.118207999980314,4,10,418
1,585,136060,12.070166000000881,18.377208000003975,14.74437499999226,45.19283299998733,1,23,11332
1,586,136061,12.208249999986265,38.31850000000259,39.62100000001101,90.1492909999888,0,10,24132
1,587,136062,11.83149999999955,0.9841249999738011,0.4910430000393262,13.307166000004145,0,2,370
1,588,136063,11.69670799998812,0.05904200000372839,0.02274999997098348,11.778875000004518,1,4,10
1,589,136064,11.977959000006422,39.99283299998524,41.743458000013334,93.71583300000452,0,20,25580
1,590,136065,11.446249999977454,0.726582999988068,0.29591599999889695,12.46920900001669,3,5,206
1,591,136066,28.626874999986285,25.130208000007315,24.349290999992945,78.10841599999208,0,7,15728
1,592,136067,12.805457999974124,10.75925000000666,8.151124999983494,31.717208999992863,2,10,6366
1,593,136068,12.187041999993653,2.147124999993366,1.5482499999848187,15.883041000023468,1,11,1242
1,594,136069,11.824000000018486,0.15416700000514538,0.08720799999650808,12.066083000007666,0,3,62
1,595,136070,12.234832999979517,0.091999999995096,0.05420799999455994,12.38212500001623,1,4,30
1,596,136071,11.642042000005404,0.28462500000614455,0.1846260000206712,12.1115839999959,0,6,142
1,597,136072,11.702917000008028,0.5087920000050872,0.29975100000001476,12.511999999986756,2,25,234
1,598,136073,11.757458000005272,1.34741700000518,1.0722909999856256,14.177749999987554,0,10,776
1,599,136074,12.229666999985511,1.916459000000259,1.4161679999915577,15.562500000015689,0,8,1162
1,600,136075,11.851332999981423,0.12824999998883868,0.07137500000453656,12.051791999994066,1,3,32
1,601,136076,11.806583999998566,2.2179169999958503,1.6150410000079773,15.64045800000713,8,14,1256
1,602,136077,12.072958000004519,6.070166999990079,4.568083999998862,22.711499999985563,5,10,3562
1,603,136078,11.945375000010472,0.06824999999821557,0.033708000017895756,12.048041999975112,0,1,0
1,604,136079,11.883500000010372,0.44358400000987785,0.2568329999803609,12.584291999985453,3,16,198
1,605,136080,11.613749999980882,48.187541999993755,46.77183400002605,106.57433299999752,0,10,29042
1,606,136081,12.307749999990847,1.3400409999917429,0.5747499999984029,14.22333299998968,0,13,442
1,607,136082,28.046582999991188,0.061166999984152426,0.031291999988525276,28.140041999989762,0,2,10
1,608,136083,11.953374999990274,0.4278750000139553,0.27183299999933297,12.65366700002346,0,9,204
1,609,136084,11.735791000006657,0.05454199998666809,0.036832999995795035,11.827833000012333,0,2,14
1,610,136085,11.89358300001686,14.83108299999003,12.527333000008412,39.25241700000015,1,30,8962
1,611,136086,11.914999999987685,0.835334000015564,0.37758399997755987,13.128291999976227,0,17,268
1,612,136087,11.577166999984456,2.9062080000130663,2.1549170000128015,16.63920799998664,0,29,1646
1,613,136088,11.607333000000608,0.13812500000653927,0.07975000002602428,11.825458000004119,4,5,46
1,614,136089,12.034249999999247,0.2730419999750211,0.16070799998146867,12.468749999982265,1,7,120
1,615,136090,11.918041000001267,0.23420799999485098,0.1343749999875854,12.287249999985761,1,8,98
1,616,136091,11.93058300000871,0.7992500000000291,0.5687089999639738,13.298834000011084,9,21,420
1,617,136092,11.733625000005077,14.911291999993637,11.62299999998595,38.26891700001056,0,12,9140
1,618,136093,11.475332999992816,0.25358299998856637,0.08287500000392356,11.812125000005835,4,6,56
1,619,136094,12.222041999990552,0.21887500000161708,0.15066700001398203,12.592083000015464,0,4,112
1,620,136095,21.292541000008214,56.31204200000184,42.47224899998514,120.07858399999805,0,41,33060
1,621,136096,12.043165999983785,0.6622079999942798,0.129416999982368,12.835667000018702,0,2,88
1,622,136097,11.992125000006126,2.4580420000006598,1.9756669999821952,16.42712500000698,1,14,1480
1,623,136098,31.164582999991808,0.25779200001352365,0.17104200000517267,31.594959000017298,0,5,126
1,624,136099,15.006542000008949,0.08800000000519503,0.04545799998822986,15.140957999989269,0,4,22
1,625,136100,11.945916000001944,10.431957999998076,8.119041000014704,30.497999999994363,2,12,6140
1,626,136101,11.788040999988425,0.2690000000029613,0.09841700000379205,12.156499999974812,0,4,62
1,627,136102,12.166667000002462,22.794833000006065,18.598458000013807,53.56091699999865,1,28,13630
1,628,136103,12.064749999979085,10.078583999984403,5.675709000001916,27.821000000017193,14,22,3780
1,629,136104,12.686291999983723,0.3893749999974716,0.26316600002473933,13.339207999990776,1,4,204
1,630,136105,11.929791999989448,0.10079200001200661,0.07025100003943408,12.101749999999356,0,2,32
1,631,136106,11.938499999985197,0.07545799999775227,0.0399169999809601,12.05550000000244,0,3,14
1,632,136107,12.112916000006635,0.44174999999313513,0.38841599996430887,12.944041999986666,0,5,228
1,633,136108,11.986250000006748,0.2923749999865777,0.1681670000266422,12.447707999996283,0,9,122
1,634,136109,11.903042000000141,0.5172500000014679,0.3654170000118029,12.786750000003622,0,4,250
1,635,136110,11.572833000002447,1.6152499999861902,1.1287909999850854,14.31775000000357,0,14,884
1,636,136111,11.769291999996767,0.07258299999080009,0.036458999971955564,11.879290999985415,0,2,18
1,637,136112,11.812792000000627,0.9051669999848855,0.6107910000139327,13.32974999999692,0,16,466
1,638,136113,11.999250000002348,131.20112499998982,126.4509579999924,269.65308299998014,0,13,79870
1,639,136114,29.146332999999913,1.0584160000064458,0.04316599998333004,30.24899999999775,0,3,20
1,640,136115,11.938374999999724,0.05537499998808926,0.024040999988983458,12.01879200002054,0,3,8
1,641,136116,12.197708000002194,7.710792000011679,5.709208000013177,25.619458999983635,2,18,4598
1,642,136117,11.86654200000703,0.9021660000030352,0.6081670000241957,13.377832999992734,0,5,472
1,643,136118,11.84616700001584,0.13937500000338332,0.0714580000078513,12.05775000002518,1,5,50
1,644,136119,12.181083000001536,0.1718329999960133,0.09937500001910848,12.45295800001145,0,8,66
1,645,136120,11.968749999994088,0.9495420000007471,0.6706670000085069,13.589582999998129,0,7,528
1,646,136121,12.312665999985484,0.3514999999936208,0.21549999999592728,12.880625000008195,0,9,150
1,647,136122,12.137375000008888,16.792708000025414,13.708833999999115,42.639916000013045,2,15,10120
1,648,136123,12.339582999999266,0.24279099997670528,0.04549900000938578,12.62824999997747,0,5,26
1,649,136124,11.829666999972233,34.84158299997375,27.781790999995337,74.45433300000559,0,103,21136
1,650,136125,12.052584000002753,49.3541250000078,48.845458000016606,110.25441600000363,0,9,30538
1,651,136126,18.711999999993623,47.21441699999218,47.74179099999287,113.66995800000268,0,3,28996
1,652,136127,12.169707999987622,3.3209169999963706,1.973001000038721,17.464416999985133,0,24,1644
1,653,136128,12.385208000011971,19.891833000002634,16.26350000000798,48.542458999975224,0,12,12056
1,654,136129,12.051500000012538,1.3797919999944952,0.8412079999970956,14.273583999994344,1,11,614
1,655,136130,27.798790999980838,0.1357090000055905,0.07825099999081431,28.013792000024296,2,5,50
1,656,136131,12.219083999980285,0.12883299999089104,0.07475000001022636,12.42333299998677,0,5,46
1,657,136132,12.020416000012801,71.65375000002427,74.76662600001305,158.4428339999988,0,8,44102
1,658,136133,12.096000000013873,0.6060409999975036,0.03916599999342907,12.742209000009552,0,2,14
1,659,136134,12.200417000002517,4.443750000007185,3.3649570000022777,20.009958000002825,2,12,2648
1,660,136135,12.134166999999252,0.3787920000206668,0.1449999999749707,12.659374999998363,2,11,100
1,661,136136,12.454542000000401,1.3056660000074771,0.8854160000169031,14.64687500001105,0,3,688
1,662,136137,11.949708000003056,0.05904200000372839,0.026540999982671565,12.035832999998775,1,3,12
1,663,136138,12.12779099998329,12.111540999995896,9.96404199997869,34.20449999998709,0,9,7264
1,664,136139,12.231541000005564,0.26295899999695393,0.07895800001733733,12.574083000004066,0,8,50
1,665,136140,11.940917000003992,27.720250000015767,22.68204200001378,62.344749999994065,0,20,17018
1,666,136141,11.995749999982763,2.792124999984935,1.9337089999851287,16.722291999997196,1,6,1502
1,667,136142,11.860040999977173,24.158040999992636,18.90774999998257,54.927415999998175,0,21,14498
1,668,136143,12.576541000015595,40.27362499999754,40.32587500000773,93.17799999999465,5,30,25050
1,669,136144,13.303583000009667,0.4082920000030299,0.05066599999281607,13.763584000002993,1,4,24
1,670,136145,11.982375000002321,7.697124999992866,6.267999999977292,25.94858300000169,1,5,4722
1,671,136146,28.166916999992964,0.37958299998308576,0.2069580000352289,28.753957999981594,3,6,146
1,672,136147,12.197125000000142,0.07366699998101467,0.05229100000292419,12.323834000000033,1,2,30
1,673,136148,11.507791000013867,0.11349999999765714,0.08358399998087407,11.705582999979924,0,3,44
1,674,136149,11.934166999992613,50.008082999994485,49.89233399999193,111.83583299998645,0,10,31656
1,675,136150,12.084832999988748,0.5443329999934576,0.17191699998875265,12.80224999999291,0,3,72
1,676,136151,12.049332999993112,0.11274999999955071,0.08329100000992185,12.246541999985538,0,3,40
1,677,136152,12.981832999997778,0.1456249999876036,0.10104200003979713,13.229124999980968,2,4,66
1,678,136153,12.261958000010509,1.4260000000092532,1.2996239999836234,14.98845799997639,0,7,838
1,679,136154,12.457541000003403,0.7617919999916012,0.5352090000201315,13.755833000004714,0,4,388
1,680,136155,11.996708999987504,0.09641699998041986,0.05533400002377675,12.149041000014904,2,4,24
1,681,136156,13.458749999983866,0.20983400000318397,0.11083399999733956,13.780375000010281,0,8,90
1,682,136157,12.473875000011958,14.9124999999799,12.320332999962602,39.70779099998367,0,14,9022
1,683,136158,12.060750000017606,140.3394579999997,133.94299999998793,286.34470800000145,0,30,86132
1,684,136159,18.287791000005882,72.40362499999264,62.61458400001629,153.3083749999946,1,30,43438
1,685,136160,12.079374999984793,62.67958300000487,59.898540999995475,134.6596670000224,0,18,38366
1,686,136161,12.085040999977537,1.0352499999726206,0.29429200000663513,13.415750000007165,1,9,186
1,687,136162,31.332915999996658,0.2484590000051412,0.1668329999802154,31.75154199999497,0,4,122
1,688,136163,12.405333000003793,0.3580839999983709,0.2509170000166705,13.015666999990572,2,9,166
1,689,136164,11.632625000004282,0.03758299999390147,0.01575000001707849,11.686333000000104,0,2,4
1,690,136165,11.982041999999637,0.6902500000194323,0.4087920000017675,13.082042000007732,0,20,324
1,691,136166,12.08133399998701,64.8007499999892,60.79391699998382,137.67783299999792,2,23,40308
1,692,136167,12.506624999986116,51.53633300000138,50.68854099999953,114.73304099999382,2,13,31970
1,693,136168,12.646791999998186,0.901209000005565,0.3264999999998963,13.875291999994488,0,9,258
1,694,136169,12.050458000004483,24.496625000011818,19.82420800001705,56.37275000000841,1,29,14624
1,695,136170,12.250375000007807,0.2288329999942107,0.006999000021323809,12.487042000003612,0,1,0
1,696,136171,11.654665999998315,0.09208299999841074,0.05833299999835617,11.806000000007089,0,4,34
1,697,136172,12.068375000012566,16.02429199999733,12.596541000021944,40.689999999983684,10,55,9738
1,698,136173,11.388874999994414,0.24045799997907125,0.05304300000830153,11.683332999979257,1,4,28
1,699,136174,11.885250000005954,0.25329199999646335,0.16266600002268206,12.301542000017207,0,7,120
1,700,136175,12.027667000012343,0.22304199998757213,0.1438749999920219,12.395416000003934,1,7,98
1,701,136176,11.670499999979711,35.08924999999863,37.81841599999325,84.58020800000554,3,15,22200
1,702,136177,11.868916999986823,0.46570800000722556,0.054123999973398895,12.389666999979454,0,4,24
1,703,136178,28.047749999984717,91.09399999999823,96.63116700002661,215.77412499999582,0,15,57050
1,704,136179,12.132457999996404,1.136333000005152,0.21295799999165865,13.482875000022432,2,8,150
1,705,136180,11.698625000008178,0.32904200000416495,0.22045800000114468,12.249417000020912,0,6,148
1,706,136181,11.946459000000687,1.3069589999759046,0.9302500000103464,14.184417000024041,0,19,702
1,707,136182,11.704250000008187,1.5205420000086178,0.9981250000237196,14.223832999988417,0,19,770
1,708,136183,12.151166999984753,0.3882500000145228,0.23429199998759032,12.774707999994916,1,11,176
1,709,136184,12.153167000008125,2.535375000007889,1.7458330000010847,16.434959000008575,0,14,1458
1,710,136185,12.033583000004455,0.2653749999979027,0.16191700001400022,12.46145800001841,3,9,106
1,711,136186,11.849957999999106,0.17624999998133717,0.12570799995614834,12.152874999998176,1,6,80
1,712,136187,12.080709000002798,1.5034170000092217,1.0543749999953889,14.639417000012145,0,10,840
1,713,136188,11.570000000006075,40.042957999986584,44.67162500000654,96.28633399998421,0,7,25366
1,714,136189,12.769041000012749,0.5544999999926858,0.15341600001761435,13.477875000006634,0,4,94
1,715,136190,11.793665999988434,13.818167000010817,11.979167000021107,37.59283400000868,0,16,8520
1,716,136191,11.885167000002639,1.6099160000067059,1.0742089999951077,14.570082999995293,1,7,854
1,717,136192,11.965333999995664,0.07454199999301636,0.0358340000161661,12.076374999992368,0,2,18
1,718,136193,11.846042000001944,0.8556249999855936,0.5912080000030073,13.293833999995286,0,8,464
1,719,136194,29.110916999997016,15.834082999987231,12.7194579999923,57.66525000001366,0,12,9164
1,720,136195,11.158084000015833,0.22283300000935924,0.05295799999771589,11.434291000000485,0,4,36
1,721,136196,12.154084000002285,16.5944169999932,14.365624000021171,43.11579099999108,4,18,10268
1,722,136197,11.234999999999218,17.062875000021904,13.132207999973389,41.43108400000983,36,44,10150
1,723,136198,11.83366600000113,2.5931669999863516,2.0080829999926664,16.435500000000047,0,11,1500
1,724,136199,11.210083000008808,24.446832999984736,20.40808399999605,56.06649999998581,0,5,14756
1,725,136200,11.88883299997201,0.3496250000125656,0.03354200001126628,12.27224999999521,0,4,14
1,726,136201,11.667999999986023,0.11808299998961047,0.07204099998148195,11.85887500000149,0,4,46
1,727,136202,12.139208999997209,26.840958000008186,21.502875000010135,60.4841249999879,0,46,16378
1,728,136203,13.230374999977812,0.4865000000222608,0.14954100001318693,13.86745900001074,0,7,118
1,729,136204,15.614958000014667,0.0757500000077016,0.050625000000081855,15.742541000008714,0,2,20
1,730,136205,12.544082999994544,0.9581249999826014,0.6820419999939986,14.184833999991042,2,12,540
1,731,136206,12.094042000001082,0.30804200000034143,0.1774160000138636,12.58054199999492,1,12,146
1,732,136207,12.36595800000373,0.15720800001872703,0.12970800000289273,12.653916999994408,3,6,48
1,733,136208,11.763083999994706,3.750499999995327,2.62945800000125,18.143999999978178,5,24,2198
1,734,136209,12.090458999978182,0.28687500000046384,0.16962499998385283,12.547874999995656,0,5,134
1,735,136210,28.366667000000234,0.25287500000104046,0.17416700001149366,28.79445800002145,1,4,124
1,736,136211,12.090999999998076,95.07416700000704,97.98641700001554,205.15375000002223,9,21,60372
1,737,136212,14.066500000012638,0.9293330000161859,0.12487500001157059,15.121708000009448,0,4,82
1,738,136213,12.38254100002223,1.9285829999944326,1.529248999986521,15.841084000015826,4,10,1174
1,739,136214,12.418166999992764,0.7199580000190053,0.40320899998391724,13.542166000007683,27,28,330
1,740,136215,11.995458000001236,1.2012079999976777,0.8761249999906795,14.073957999983122,0,7,692
1,741,136216,11.999833999993825,1.8065829999898142,1.1527910000097563,14.959957999991502,0,16,964
1,742,136217,12.211417000003166,0.19579199999952834,0.12608299999783412,12.534165999994684,0,3,78
1,743,136218,12.338249999999107,0.8301250000215532,0.4858750000096279,13.654916999996658,1,17,390
1,744,136219,11.940292000019781,0.11412499998186831,0.07737399999996342,12.132250000007616,1,4,48
1,745,136220,11.801791000010553,0.10712499999954161,0.06712499998684507,11.97729200001163,1,4,36
1,746,136221,12.476417000016227,1.7401670000083413,1.6551249999849915,15.872916999995823,1,8,1094
1,747,136222,12.122083999997812,0.15229199999566845,0.05699999999819738,12.332541999995783,0,3,30
1,748,136223,11.33874999999307,36.14141699998186,39.47300000001519,86.95470899999691,1,9,22860
1,749,136224,12.414207999995597,0.41429099999845675,0.04937499997481609,12.878999999998086,0,3,22
1,750,136225,12.246541000024536,12.7500419999933,10.468124999988504,35.465958000003184,5,13,7940
1,751,136226,27.90679099999238,0.3336670000066988,0.13320700000463148,28.374291999995194,0,4,86
1,752,136227,11.93458299999861,0.08225000001971239,0.04708199998049167,12.064792000018087,0,3,26
1,753,136228,11.589834000005794,0.10020799999210794,0.051708000000871834,11.7424579999863,1,4,30
1,754,136229,12.304292000010264,10.858667000007927,9.317499999980328,32.48170800000594,3,9,6664
1,755,136230,12.474500000024591,9.348415999994586,7.9848750000053315,29.809624999984408,0,5,5692
1,756,136231,12.029584000003979,6.471707999992304,4.915667000005897,23.41837499997723,0,22,3744
1,757,136232,12.387749999987818,0.568874999999025,0.3720409999914409,13.329333999990922,2,4,264
1,758,136233,12.10520800000836,0.11941599998976926,0.0766670000018621,12.302334000025894,0,3,50
1,759,136234,11.744333999985201,60.23354200002018,58.80170800000428,130.7820000000106,0,40,37318
1,760,136235,13.000667000000021,1.4921670000092035,0.7180829999811067,15.211875000005648,0,12,536
1,761,136236,12.493249999977252,0.15591600001130246,0.10141599997837147,12.751457999996774,4,6,64
1,762,136237,12.012833999989425,31.59524999998098,24.97612499999491,68.58604099997478,0,85,18816
1,763,136238,12.798666000009007,0.4717089999815016,0.12704200000257515,13.398458000011715,2,6,84
1,764,136239,12.019917000003488,0.3052909999894382,0.20679100001075312,12.533000000019001,2,7,148
1,765,136240,11.83066699999813,0.0629159999903095,0.03487500001142507,11.929166000015812,0,2,12
1,766,136241,12.584416999999348,17.107667000004767,14.387916999993422,44.08158300000764,1,10,10432
1,767,136242,28.47954199998526,124.1252089999989,152.3112079999862,304.91808400000764,0,28,75328
1,768,136243,16.682709000008344,2.0894159999897965,0.8106660000066768,19.583624999995664,0,4,622
1,769,136244,12.043125000019472,0.4324169999847527,0.3446660000179236,12.82170799998994,0,5,226
1,770,136245,11.969125000007352,96.7641250000213,90.86404299998208,199.59916600001293,2,36,60276
1,771,136246,12.340209000001323,1.3651659999993626,0.4315000000190139,14.137957999992068,1,4,334
1,772,136247,12.032582999978558,0.42575000000510954,0.2561250000212567,12.714832999989767,0,10,204
1,773,136248,11.970541000010826,0.2956250000067939,0.18637499999840657,12.45370899999898,0,11,128
1,774,136249,11.875042000013991,0.052333000013504716,0.026458999968781427,11.954416000008905,0,2,8
1,775,136250,12.421249999988504,0.12100000000714317,0.07745899998212735,12.620249999997668,1,5,38
1,776,136251,12.084165999993957,19.4867909999914,16.274041000002626,47.84600000002115,2,19,11854
1,777,136252,11.763542000011284,0.6768329999999878,0.33329200002185644,12.774707999994916,0,9,248
1,778,136253,12.151958000004015,0.5251249999957963,0.32724900003699986,13.004708000011078,0,15,252
1,779,136254,11.580167000005304,0.057624999982408553,0.026582999993252088,11.665458000010176,0,3,6
1,780,136255,12.429833999988205,113.55845900001782,111.54104199999892,237.5312499999893,0,23,70154
1,781,136256,11.830541999984234,1.0657079999987218,0.1113749999888114,13.008665999990399,1,3,60
1,782,136257,12.227290999987872,79.62179200001174,76.03841599998873,167.88950000000114,0,37,49196
1,783,136258,22.71220799997309,34.68704100001219,36.26249900000289,93.66312500000618,0,6,21636
1,784,136259,12.20816699998295,0.39079199999036973,0.09320699999193494,12.693082999987837,1,3,46
1,785,136260,12.238416999991841,0.2315829999872676,0.12808300002120632,12.59912499997995,2,11,90
1,786,136261,11.84341699999436,43.32787499998858,43.160957999987204,98.33366600000204,2,12,27170
1,787,136262,11.799707999983866,0.3983750000031705,0.023083000002088738,12.221624999995129,2,3,8
1,788,136263,12.113457999987531,86.39287500000137,86.48704099999804,184.9947919999977,0,24,53552
1,789,136264,12.14425000000574,0.8898750000128075,0.14525099996376412,13.180916000010257,0,3,86
1,790,136265,12.078250000001844,66.03974999998741,62.25458300002629,140.37437499999328,0,25,40824
1,791,136266,11.995458000001236,8.572332999989385,6.663833000004615,27.23295800001324,0,3,4896
1,792,136267,12.0241250000106,0.8252499999912288,0.6331669999894984,13.483374999992748,13,15,438
1,793,136268,12.110583999998425,0.1368339999885393,0.08587499999634929,12.333957999999257,0,2,62
1,794,136269,12.076417000002948,67.07466699998577,67.44895799999995,146.60145799999214,2,52,41448
1,795,136270,11.951541999991377,65.30824999998686,61.60891700000093,138.87058299999921,0,21,40100
1,796,136271,11.93283300000303,0.6446250000067266,0.12583300002688702,12.70433399997728,5,6,78
1,797,136272,11.886374999988902,1.5905829999951493,0.8897079999883317,14.367541000012807,3,10,734
1,798,136273,11.945249999996577,101.50266700000543,83.03445800001441,196.4839169999948,1,400,57956
1,799,136274,22.327666999984785,0.85550000000012,0.010333000005857684,23.195000000015398,0,1,0
1,800,136275,12.417916999993395,1.5266250000252057,1.05716599998118,15.003250000006574,1,24,760
1,801,136276,11.932250000000977,66.36483399998383,71.878541999979,150.17758299998718,0,6,41416
1,802,136277,12.522124999975404,0.9029170000189879,0.13554099999169011,13.56225000000677,1,3,50
1,803,136278,12.303541000022733,2.1282499999983884,1.7364159999999629,16.169584000010673,0,3,1246
1,804,136279,12.613750000014079,11.116874999999027,8.694832999992741,32.4274580000008,1,21,6670
1,805,136280,12.801332999998749,71.45045899997626,69.45737499998472,153.71104199999763,0,19,44058
1,806,136281,11.878125000009732,15.850833000001785,12.374292000004061,40.10445800000184,0,14,9466
1,807,136282,11.810917000019572,1.6877920000126778,1.101125000019465,14.600417000025345,0,18,860
1,808,136283,11.775708000016039,0.2290420000008453,0.15387599995619894,12.159166999992976,5,7,110
1,809,136284,11.68824999999174,15.646959000008565,11.507999000002656,38.84462499999586,0,17,9614
1,810,136285,11.950458000001163,0.16341599999236678,0.0067909999756921025,12.12166700000239,0,1,0
1,811,136286,11.93883299998788,52.546290999998746,46.47304200000235,110.95966700000304,0,36,32778
1,812,136287,12.038165999996409,0.7542499999999563,0.2402920000292852,13.033124999992651,1,4,168
1,813,136288,11.559541999986322,0.011749999998755811,0.00724900002069262,11.579583000013827,0,1,0
1,814,136289,12.121000000007598,14.105833999991546,11.690041999997902,37.9177499999912,1,14,8832
1,815,136290,22.976457999988043,1.5454999999917618,1.1025840000229437,25.625625000003538,0,2,848
1,816,136291,11.694291000026169,2.382374999996273,1.4894570000194562,15.566833999997698,0,19,1312
1,817,136292,11.771250000009559,0.24929100001713778,0.1542499999800384,12.175500000012107,0,4,114
1,818,136293,12.200832999980094,1.548541999994768,1.1519589999977597,14.901874999992515,3,11,908
1,819,136294,11.853624999986323,0.3679579999982252,0.20770799997649192,12.430334000015364,14,15,156
1,820,136295,11.89337499999965,21.919666999991705,15.440916999978072,49.25491599999532,0,69,12684
1,821,136296,12.025999999991654,5.153250000006437,3.2609579999984817,20.44083399999863,3,89,2682
1,822,136297,11.658917000005431,5.148791999999958,3.7436669999806327,20.5525410000007,0,12,3000
1,823,136298,11.88291700000832,0.23079199999642697,0.12933399997905326,12.243582999985847,0,5,84
1,824,136299,12.101917000023832,0.054374999990614015,0.028958000001466644,12.185916999982283,1,3,12
1,825,136300,12.319542000000183,92.01995800000873,90.81870800000047,195.15987499997323,3,29,57776
1,826,136301,11.87054199999693,55.629166000016994,52.48508299999344,119.9860410000042,0,19,34282
1,827,136302,11.979416999992054,1.604416000020592,0.9176670000385911,14.502332999995815,0,7,736
1,828,136303,11.649374999990414,0.20208399999432913,0.1307500000109485,11.982916999983217,0,4,96
1,829,136304,11.918624999992744,0.42333300001473617,0.2892920000192589,12.631625000011582,0,8,232
1,830,136305,11.636417000005395,0.16704199998685,0.08987600000409657,11.893917000008969,0,9,56
1,831,136306,25.23783399999502,3.067041999997855,1.9397500000195578,30.245415999985426,1,44,1610
1,832,136307,11.627458000020852,0.06645900000989968,0.025332999967986325,11.720124999982318,0,2,8
1,833,136308,11.621958000006316,0.11312500001281478,0.07308299998953771,11.808583999993516,3,5,48
1,834,136309,12.027625000001763,29.557165999989365,23.131957999993347,64.71754099999316,6,26,18496
1,835,136310,12.207374999974263,1.0975829999892994,0.5661250000059681,13.872250000019903,1,10,450
1,836,136311,11.587415999997575,0.36533299999064184,0.20204200001217032,12.155874999990601,0,16,144
1,837,136312,11.818292000015163,0.9912499999984448,0.7092929999998887,13.519583000004332,0,20,532
1,838,136313,11.895250000009128,1.5621670000030008,1.1393330000259994,14.5977079999966,1,7,922
1,839,136314,11.68491699999663,0.053292000018245744,0.02516699998977856,11.763875000013968,0,2,10
1,840,136315,12.084208000004537,36.083291000011286,34.586750000016764,82.7554589999977,0,6,23138
1,841,136316,12.118125000000646,1.5957499999785796,0.8999169999981405,14.614250000022366,0,5,712
1,842,136317,11.651540999991994,0.13400000000274304,0.06624999997484338,11.852208000021847,0,5,44
1,843,136318,11.691708000000745,67.26687500000139,67.12845900003117,146.08829200000173,0,10,42950
1,844,136319,11.537167000000181,1.1002500000074633,0.3136259999791946,12.952291000004834,0,12,240
1,845,136320,11.816791999990528,32.556083999992325,34.720125000006874,79.09441600000378,0,6,20962
1,846,136321,12.05408299998112,0.5740839999930358,0.20250000000032742,12.831207999994376,2,6,158
1,847,136322,44.81183300001135,31.579750000020113,26.687999000017726,103.08104200001367,0,21,19804
1,848,136323,11.740916999997353,56.574667000006684,53.9974580000262,122.31462500000134,2,18,35884
1,849,136324,11.863750000003392,1.323624999997719,0.5915839999772743,13.779833999990387,1,7,470
1,850,136325,11.79670799999144,0.13112500002421257,0.06508299998131406,11.993958000005023,1,5,38
1,851,136326,11.778499999991254,18.02675000001841,14.839501000011524,44.64550000000145,1,46,11186
1,852,136327,11.262874999999894,0.9406659999910971,0.42899999996848237,12.63325000002169,2,14,360
1,853,136328,11.674457999987453,0.05866700001888603,0.028332999988833762,11.762333000007175,0,3,12
1,854,136329,12.018624999996064,44.83679100002291,45.64729300000181,102.50412499999584,5,12,28252
1,855,136330,11.878875000007838,0.9783330000061596,0.43733299997938957,13.295290999991494,2,6,340
1,856,136331,11.727290999999695,0.03479099999026403,0.013457999983756963,11.77612499998304,1,2,2
1,857,136332,11.60912500000677,14.662541999996392,12.168083000005936,38.440291999989995,0,10,9004
1,858,136333,11.591999999978952,52.207833000011306,49.482042000022375,113.28320800001279,0,35,32812
1,859,136334,11.850250000009055,4.564125000001695,3.0687919999934365,19.483958999984452,0,11,2448
1,860,136335,11.650166000009676,5.3054580000093665,3.9114999999583233,20.868374999992056,0,11,3136
1,861,136336,11.640916000004609,0.7604589999914424,0.5181250000134696,12.919917000004943,1,9,404
1,862,136337,11.552999999992153,1.5041659999894819,1.0833340000147018,14.140999999995074,0,6,840
1,863,136338,22.887792000005902,3.6584169999969163,2.547708000008697,29.09479100000567,1,30,2112
1,864,136339,11.978749999997262,0.15929200000641686,0.09079199998041076,12.229750000017248,1,3,56
1,865,136340,11.3039160000028,0.11887499999829743,0.07441600001811821,11.497624999975642,0,4,50
1,866,136341,11.608832999996821,51.2663749999831,50.00324999997474,112.87979199997267,0,12,32190
1,867,136342,11.968957999982877,1.6850830000123551,0.8353749999798765,14.490042000005587,0,5,678
1,868,136343,11.825209000022596,0.22574999999847023,0.1474590000043463,12.199041000002353,0,3,104
1,869,136344,11.833125000009659,49.665375000017775,49.182582999975466,110.68229100001759,1,11,31474
1,870,136345,11.482291999982408,76.49599999999168,77.91058299997644,165.89029099998243,0,19,47686
1,871,136346,11.85966599999233,7.9551250000236,5.264833999973462,25.080834000021923,0,34,4300
1,872,136347,11.698249999994914,0.13091700000700257,0.03241699999989578,11.862249999978758,0,2,10
1,873,136348,11.884124999994583,0.09062499998435669,0.058875999968677206,12.03458300000193,2,4,36
1,874,136349,11.512957999997298,9.590708999979825,8.176915999996481,29.281874999981028,0,2,5964
1,875,136350,11.738541999989138,37.67537499999207,39.00575000000117,88.42083299998649,0,15,23628
1,876,136351,11.979459000002635,38.715332999998964,38.23225100001082,88.92812499999536,1,24,24084
1,877,136352,11.583958000016992,0.3927090000104272,0.04233300001033058,12.01933299998359,0,4,24
1,878,136353,11.58112500002062,0.05058400000734764,0.028834000005417693,11.661457999991853,1,3,12
1,879,136354,27.973000000002912,1.1389589999737382,0.8022920000030354,29.914667000014106,16,25,638
1,880,136355,11.781874999996944,0.4655000000184373,0.3285000000232685,12.57620799998449,0,6,246
1,881,136356,12.267374999993308,0.47533300002555734,0.3115419999915048,13.05512499999395,2,14,230
1,882,136357,11.36370899999406,0.1783339999974487,0.1039589999720647,11.646499999983462,0,6,78
1,883,136358,11.90804200001594,1.6967500000077962,1.2351669999759451,14.840499999991152,1,6,970
1,884,136359,11.590124999997897,0.579125000001568,0.3787500000100863,12.548915999985866,9,15,314
1,885,136360,11.592041000000108,0.13599999999769352,0.08562500002540219,11.814082999990205,1,4,60
1,886,136361,11.911207999986573,6.155917000000954,4.662290999988272,22.729916999992383,2,14,3720
1,887,136362,11.600749999985283,0.42824999999879765,0.19833300001437237,12.227791000015031,2,9,134
1,888,136363,11.646417000008569,0.8779580000179976,0.4914579999990565,13.01708399998347,8,25,382
1,889,136364,11.651916000005258,0.15641600001004008,0.0838750000013988,11.892666999983703,2,5,50
1,890,136365,11.770750000010821,0.09049999999888314,0.041415999987748364,11.903499999988298,0,4,24
1,891,136366,11.644875000001775,0.04041700000811943,0.025249999993093297,11.710875000005672,0,2,4
1,892,136367,11.903708000005508,43.144874999995864,40.215498999998545,95.26470800000197,0,17,26958
1,893,136368,11.867249999994556,0.5601659999854292,0.14262499999517786,12.570707999998376,2,7,98
1,894,136369,11.693207999996957,1.176666999981535,0.8394590000193602,13.709999999974798,1,9,656
1,895,136370,27.04204200000504,47.72087500001021,47.521000000017466,122.28579200001377,3,10,29762
1,896,136371,11.908041999987518,17.665458000010403,13.550250000008646,43.124708999982886,0,25,10748
1,897,136372,11.944874999983313,1.712875000009717,1.2511250000102336,14.910208000003422,1,11,938
1,898,136373,11.649208000022782,3.751582999996117,3.0244999999808897,18.42625000000453,0,8,2316
1,899,136374,11.633166999985178,0.19670800000426425,0.09841700000379205,11.929667000003974,0,3,64
1,900,136375,12.01625000001627,1.984000000021524,1.566001000014694,15.567125000018223,1,9,1220
1,901,136376,11.692291999992221,0.13649999999643114,0.07720800002175565,11.90658300001246,0,4,48
1,902,136377,11.911208000014994,1.9511250000050495,1.478458999997656,15.341625000019121,0,9,1142
1,903,136378,11.620999999991,0.0899590000074113,0.055583999994723854,11.767167000016343,2,3,24
1,904,136379,11.756041000012374,36.68345899998826,38.96862499999543,87.40879199999085,0,11,23284
1,905,136380,11.42216699997789,1.0839579999810667,0.4060409999908643,12.913041999979669,1,11,354
1,906,136381,11.80641699997409,0.47825000001466833,0.24041700001475874,12.525666000016145,0,12,184
1,907,136382,11.563499999994065,0.23600000000101318,0.10812500002543857,11.908041999987518,0,8,76
1,908,136383,11.655165999997052,0.04245800002422584,0.024624999980460416,11.722749999989901,0,2,12
1,909,136384,12.061207999977341,0.22854100001268307,0.1576239999678819,12.448459000012235,2,6,104
1,910,136385,11.86195799999723,0.5504159999816238,0.39779200000111814,12.810625000014397,2,5,312
1,911,136386,22.505459000001338,0.047625000007656126,0.026165999997829203,22.579624999991665,0,2,12
1,912,136387,11.660457999994378,3.5060829999906673,1.857125000015003,17.023958000009998,1,68,1566
1,913,136388,11.528333000001112,0.0577090000035696,0.01791699997966134,11.604459000011502,0,2,2
1,914,136389,12.044084000024213,0.09216700001957179,0.053917000002456916,12.190540999995392,1,4,34
1,915,136390,11.726499999980433,0.049166999986027804,0.024707999983775153,11.800625000006448,1,3,12
1,916,136391,11.674833000000717,0.3800830000102451,0.2707910000196989,12.326083999994353,0,7,188
1,917,136392,11.725708000000168,0.7740419999890946,0.5944580000232236,13.095083000024488,1,4,444
1,918,136393,11.627416999999696,0.08099999999444663,0.04066700000748824,11.75012499999184,2,3,22
1,919,136394,11.880875000002789,0.08537499999761167,0.048582999994550846,12.015332999993689,0,4,26
1,920,136395,11.598542000001544,0.1319170000044778,0.07945800001607495,11.810291000017514,0,3,48
1,921,136396,12.040082999988044,3.466207999991866,2.750332999994498,18.25758300000757,0,10,2114
1,922,136397,11.806791999987354,0.24916699999266712,0.15316700000767014,12.209416000018791,2,5,108
1,923,136398,11.793500000010226,11.660624999990432,9.716208000014603,33.17091599998889,0,15,7146
1,924,136399,11.822874999978694,0.3073340000128155,0.12979099997778576,12.260708000013665,1,7,92
1,925,136400,11.43870800001423,0.03891699998348486,0.017208000002710833,11.495750000023008,0,2,4
1,926,136401,11.926541999997653,67.98445799998376,64.95283200001722,144.8649170000067,0,14,42550
1,927,136402,22.646332999983088,0.6163750000212076,0.027626000019154162,23.29079099999376,0,4,12
1,928,136403,11.455249999983153,50.032166999983474,49.01383299997519,110.50320800001145,0,24,31576
1,929,136404,11.798499999997603,3.931791000013618,2.890373999974827,18.621916000000738,0,11,2198
1,930,136405,11.92024999997443,31.750208000005387,34.381791999976485,78.05350000000999,1,3,20288
1,931,136406,11.63391599999386,0.4410420000056092,0.11249899998233559,12.188541999989866,0,3,66
1,932,136407,11.873457999996617,0.08741700000314268,0.05129199999487355,12.01308299999937,0,3,30
1,933,136408,12.319042000001446,0.864667000001873,0.6653339999900254,13.84995899999808,2,5,464
1,934,136409,11.865707999987762,58.852416999997104,60.18800000001079,130.90754099999913,0,8,37220
1,935,136410,11.73066699999481,1.311417000010806,0.513417000007621,13.556250000021919,0,7,424
1,936,136411,12.052665999988221,0.056208999978935026,0.027125000002570232,12.136667000021362,0,3,10
1,937,136412,11.83087500001534,0.1438329999814414,0.09658299998704933,12.071875000003729,0,4,64
1,938,136413,12.063250000011294,1.2722919999816895,0.8824579999782145,14.218499999998357,1,11,704
1,939,136414,11.762709000009863,4.17012500000169,3.1503749999899355,19.08395799998175,1,20,2466
1,940,136415,11.796459000009918,0.30195799999432893,0.1713749999794345,12.27020799998968,0,6,128
1,941,136416,12.09354100001292,46.30362500000729,48.90116600000738,107.29962499999601,0,13,29832
1,942,136417,11.772540999999137,0.4179999999962547,0.023790999989614647,12.215292000007594,0,2,10
1,943,136418,22.72300000001337,1.0304159999918738,0.7150000000137879,24.469541000001982,0,9,562
1,944,136419,12.073791999995365,2.455209000004288,1.6856249999932515,16.21558400000822,2,18,1350
1,945,136420,11.59191700000406,0.02516699998977856,0.006499999983589078,11.62412499999732,0,1,0
1,946,136421,11.94558299999926,11.293542000004209,9.70829200002754,32.947917000001326,0,8,6874
1,947,136422,11.865790999991077,1.8896670000003724,1.2837499999989177,15.03991699999574,7,18,1048
1,948,136423,11.740166999999246,0.2615420000040558,0.167540999996163,12.169749999998203,4,6,130
1,949,136424,11.759832999985065,0.17504100000564904,0.12879199999815683,12.064291999990928,1,3,78
1,950,136425,11.720666000002211,0.16554100000121252,0.08083399998781715,11.967749999996613,0,7,60
1,951,136426,11.861040999974648,1.164500000015778,0.8557909999922231,13.882292000005236,0,5,640
1,952,136427,11.813041999999996,1.3824579999948128,0.914000000022952,14.11037500000134,0,7,752
1,953,136428,11.460874999983162,42.295832999997174,43.060209000003624,96.81816700000923,0,17,26464
1,954,136429,11.73733300001345,15.844375000000355,13.03695800001492,40.619625000005044,0,19,9516
1,955,136430,11.738082999983135,1.8977080000013302,1.3110840000081225,14.947833000007904,1,16,992
1,956,136431,11.810499999995727,0.255834000000732,0.14129199999501907,12.208250000014687,3,11,106
1,957,136432,12.29308300000298,74.1170000000011,72.20033300001205,158.61170900001298,0,35,46446
1,958,136433,12.078207999991264,2.826625000011518,1.4538749999815082,16.35937499997908,1,22,1204
1,959,136434,22.86287499998707,0.39445799998816256,0.20645899999749417,23.464458000006516,0,11,160
1,960,136435,11.791083000019853,0.3506249999816191,0.23258400000258916,12.374875000006114,2,9,180
1,961,136436,11.427875000009635,0.41316700000493256,0.2707920000091235,12.11266699999669,0,6,214
1,962,136437,11.882291999995687,0.18495799997708673,0.13599999999769352,12.204249999996364,3,5,86
1,963,136438,11.562292000007801,0.15979200000515448,0.10441599999921891,11.826791999993702,0,3,76
1,964,136439,11.769708000002765,12.743042000010973,10.421832999981007,34.93545800000675,0,5,7782
1,965,136440,11.7353330000185,71.52908300000149,66.81400099998314,150.0795829999788,1,39,44478
1,966,136441,12.016917000011063,10.576666999980944,8.54991700001051,31.144249999982776,0,6,6162
1,967,136442,11.82383299999401,0.22991700001284698,0.07733400002507551,12.13150000000951,0,4,52
1,968,136443,11.696249999999964,1.1607090000040898,0.7640839999680793,13.621666000005916,1,14,610
1,969,136444,11.558374999992793,0.10495800000853706,0.06208299998888833,11.725792000021329,0,3,42
1,970,136445,11.946832999996104,0.15650000000277942,0.11066599998343918,12.214749999998276,2,4,72
1,971,136446,11.829791999986128,0.11766599999418759,0.0644999999792617,12.01279099998942,2,6,42
1,972,136447,11.696749999998701,37.60604100000364,37.823707999990575,87.12770799999703,1,13,23536
1,973,136448,11.645624999999882,0.7941249999987576,0.31983399998125606,12.760041999996474,0,2,246
1,974,136449,12.028208000003815,3.5726250000038817,2.7612499999918327,18.362582999998267,0,21,2094
1,975,136450,22.373874999999543,0.1895840000258886,0.08429199999682169,22.648500000002514,0,6,58
1,976,136451,11.607833000027767,0.09095900000488655,0.05650099998888436,11.755958999998484,0,4,28
1,977,136452,11.755584000013641,0.1274159999979929,0.07929200000944547,11.962833000012552,2,5,54
1,978,136453,11.572709000006398,1.1629160000268257,0.6918750000011187,13.42775000000529,0,22,558
1,979,136454,11.812375000005204,0.1467499999989741,0.08291600002507948,12.04225000000747,1,6,58
1,980,136455,11.683333000007678,0.367917000005491,0.2585830000043643,12.310541999994484,0,3,210
1,981,136456,11.800707999981341,0.10162500001342778,0.05962599999520535,11.962500000009868,2,4,38
1,982,136457,11.682041999989679,0.1030420000063259,0.06841700002269135,11.854042000010168,0,2,40
1,983,136458,11.730790999990859,0.00775000000885484,0.004125000003796231,11.743249999994987,0,1,0
1,984,136459,11.819250000002057,0.08270899999729409,0.04479200001128447,11.948042000000214,0,5,20
1,985,136460,11.47545800000671,0.5062919999829774,0.33220800003164186,12.314208999981702,0,5,258
1,986,136461,11.906000000010408,1.142583000017794,0.7559580000133792,13.80495799998016,2,21,624
1,987,136462,11.76654200000371,0.19958300001121643,0.10045800001989846,12.06741699999725,0,7,70
1,988,136463,11.819042000013269,0.26437500000042746,0.18524999998703606,12.269416999998839,4,6,136
1,989,136464,11.587708000007524,0.243459000017765,0.16599999997879422,11.997750000006135,0,4,116
1,990,136465,11.706500000002507,0.029124999997520717,0.01233299997238646,11.748541999992312,0,2,2
1,991,136466,23.25154100000759,0.07708300000786039,0.04533300000275631,23.374666999984584,1,4,24
1,992,136467,11.848959000019477,0.18545800000424606,0.11933399997587912,12.154583000011598,4,6,64
1,993,136468,11.896166000013864,53.227458000009165,51.73762499998702,116.8620830000009,1,16,33460
1,994,136469,12.099041999988458,76.57191699999544,68.75558299998374,157.42783299998564,0,32,47548
1,995,136470,11.872374999995827,38.20333400000209,39.59937499999455,89.67683299999862,0,14,23940
1,996,136471,12.055541999984598,0.4815419999886217,0.11337600000160819,12.651000000005297,2,7,60
1,997,136472,11.396499999989373,0.07120899999790709,0.037082999995163846,11.505875000011656,0,4,14
1,998,136473,11.832083000001603,0.20016599998484708,0.1429160000157026,12.176166999978477,3,6,82
1,999,136474,11.590582999986054,0.5607079999947473,0.3720409999914409,12.523625000000038,1,8,304
2,0,135475,19.537416999995116,1.6066660000007005,1.1306670000124086,22.275375000006647,0,5,908
2,1,135476,11.822625000007747,62.00504199999557,54.50974999999403,128.3392910000032,1,33,36374
2,2,135477,11.736459000005084,0.47070800000881263,0.023124999998458406,12.23124999999925,0,3,4
2,3,135478,11.416249999996353,0.4541250000045238,0.3884580000033111,12.25916599999266,0,9,242
2,4,135479,11.74804100000415,0.13820799999564315,0.0863330000129281,11.973208000000568,0,5,56
2,5,135480,11.734625000002552,0.48441699999557386,0.36291600000026847,12.582958999999505,0,9,242
2,6,135481,11.784667000000582,5.686542000006511,4.485208000005514,21.95683399999382,0,9,3506
2,7,135482,11.68058300000041,0.19100000000094042,0.09137400000724938,11.963417000004029,1,5,64
2,8,135483,11.508333000008975,0.21333300000492272,0.1595410000021502,11.882124999999633,1,3,108
2,9,135484,11.75800000000038,55.805540999998016,53.73841600001583,121.30304100000444,1,26,35422
2,10,135485,11.852790999995477,3.19287499999632,1.8183749999991505,16.86495799999932,0,25,1496
2,11,135486,11.642457999997191,0.11345799998707662,0.06570900001179325,11.82195899998817,0,2,42
2,12,135487,11.975707999994256,3.2038749999969696,2.4291660000130832,17.609417000002736,1,5,1962
2,13,135488,11.440957999994339,0.06312500001115495,0.022707999988824668,11.52749999999969,0,2,8
2,14,135489,12.04674999999611,0.14174999999738702,0.10079199999779576,12.290040999999974,1,5,66
2,15,135490,20.746875000000387,0.10487500000522232,0.07612600001039027,20.928916999991998,0,3,40
2,16,135491,12.510750000004123,20.21637500000395,16.02154100000064,48.75037499999735,3,12,12250
2,17,135492,12.431125000006205,0.40979199999924276,0.1809580000013966,13.022250000005897,0,5,148
2,18,135493,11.849957999999106,15.810000000001878,13.87054200000648,41.532500000002415,0,10,10072
2,19,135494,11.789292000003115,0.5942500000060136,0.3271660000052634,12.711249999995289,0,4,260
2,20,135495,12.052749999995171,0.11387499999671036,0.06449999999347256,12.231958000000986,3,6,38
2,21,135496,11.611500000000774,0.10362500000837827,0.05358300001034877,11.769125000000713,3,7,34
2,22,135497,11.667750000000865,6.1305839999903355,4.248042000000396,22.046833999993964,0,36,3552
2,23,135498,11.75345800000116,0.052207999999609456,0.00845799999638075,11.814666999995893,0,1,0
2,24,135499,11.636875000007763,23.198417000003246,19.168917000001784,54.00508399999637,0,15,14788
2,25,135500,11.906959000000938,31.557207999995285,33.28066699999965,76.74633300000266,0,3,19934
2,26,135501,11.8980830000055,0.33820800000228246,0.03920899999343419,12.2758330000039,0,2,12
2,27,135502,11.44866700001046,0.007875000008539246,0.004665999995268066,11.461874999994848,0,1,0
2,28,135503,11.611625000000458,0.4348339999893369,0.27595900000676465,12.323165999987395,0,10,208
2,29,135504,11.759041999994224,0.22720799999831343,0.15608299997893482,12.142875000009212,0,4,120
2,30,135505,11.803458999992245,0.07162499998969452,0.04720799999802239,11.92270800000017,0,2,24
2,31,135506,19.49895799999979,0.13587499999800912,0.08475099998861424,19.720332999995094,0,5,40
2,32,135507,11.524915999999052,0.0692090000029566,0.03995899999154062,11.63491699999497,0,3,18
2,33,135508,11.511874999996508,4.521500000009837,3.0809999999945603,19.115457999987484,0,61,2600
2,34,135509,11.655624999988845,9.666332999998417,8.267665999994733,29.590542000008213,1,6,6048
2,35,135510,11.970875000002934,0.19858299999953033,0.08133400000076563,12.251749999990125,1,3,36
2,36,135511,11.766874999992183,0.03004099998804577,0.0172499999990805,11.814499999999839,1,2,4
2,37,135512,11.592625000005796,0.1570419999978867,0.09391700000094261,11.843999999996413,0,5,68
2,38,135513,12.04537499999958,0.4117499999978236,0.32000100000573184,12.777499999998554,0,6,220
2,39,135514,11.710500000006618,19.095291999988717,16.779875000011657,47.58708399999989,2,8,12358
2,40,135515,11.711292000001094,2.4416660000099455,1.6849579999984599,15.838625000000661,1,11,1398
2,41,135516,11.765749999995023,0.18670900000472557,0.1067500000004884,12.059667000002605,0,5,80
2,42,135517,11.331583000000478,28.236582999994653,24.16300000000149,63.732000000001676,0,20,18112
2,43,135518,11.773208999997564,29.617749999999887,25.390999999984842,66.78316699999698,1,11,19066
2,44,135519,11.82187500000964,1.5243750000024647,0.906333000003201,14.253167000006783,4,19,756
2,45,135520,11.593124999990323,0.3778749999980846,0.2534179999997832,12.224875000001134,2,8,192
2,46,135521,11.881707999989999,13.578542000004745,11.71566700000426,37.17625000000169,1,15,8538
2,47,135522,19.8123330000044,0.45233299999836163,0.18075000001260833,20.446000000006848,12,18,132
2,48,135523,11.808958000003145,0.06779200001005847,0.03433299998789607,11.911459000003788,1,4,20
2,49,135524,11.887749999999642,13.726583999996933,11.154417000000194,36.76966599999787,1,24,8514
2,50,135525,11.715124999994941,0.2554579999980433,0.10174999999890133,12.072749999987309,1,4,72
2,51,135526,11.721499999993057,0.34254199999850243,0.22020900000541133,12.284875000005968,1,6,166
2,52,135527,11.60045900000739,0.03241699999989578,0.015582999992602709,11.64924999999073,0,2,2
2,53,135528,11.787249999997584,0.03170799999452356,0.019041999991031844,11.838957999998456,1,3,4
2,54,135529,11.782292000006578,25.417625000002886,21.519624999996267,58.720665999999255,0,21,16204
2,55,135530,11.738833000009663,0.768582999995715,0.4280829999885327,12.935791999993285,0,6,316
2,56,135531,11.666042000001653,0.055791999997722996,0.032000000004472895,11.754832999997689,1,3,12
2,57,135532,11.160666999998625,20.55912499999124,16.93979099999865,48.660957999999255,0,26,12962
2,58,135533,11.847458999994842,7.544541000001459,5.638165999997113,25.030874999998787,2,9,4448
2,59,135534,11.816082999999367,0.14625000000023647,0.059041000000092936,12.022666999996545,1,5,34
2,60,135535,11.544000000000665,0.24533399999882022,0.18345899999872017,11.973750000009886,1,4,128
2,61,135536,11.717291000010732,38.70229099999278,38.61779100000717,89.03820800000517,2,38,24518
2,62,135537,11.983583000002795,0.4890830000050528,0.13316700000132187,12.606875000003015,4,10,90
2,63,135538,20.053500000003055,0.13758299999722112,0.0773330000072292,20.269042000009563,1,4,46
2,64,135539,11.720832999998265,0.11399999999639476,0.06520799999520932,11.900624999995557,0,5,42
2,65,135540,11.668541999995341,11.01970800000629,8.460083999992207,31.149291999994944,3,33,6722
2,66,135541,11.6809590000031,2.6588749999945094,2.0376669999961905,16.377915999996162,0,4,1578
2,67,135542,11.795124999991913,4.595207999997797,3.4025409999856038,19.793415999998842,0,8,2846
2,68,135543,11.385708000005934,43.19620799999768,43.34537499998703,97.92866700000502,0,15,27594
2,69,135544,12.14874999999438,37.75333400000136,37.92691600000353,87.83016700000701,1,10,23660
2,70,135545,11.573374999997554,0.45166600000356993,0.07762500000296768,12.103499999994938,0,2,48
2,71,135546,11.647167000006675,0.06554200000152832,0.02854199999546836,11.741916999994828,0,5,14
2,72,135547,11.528750000010746,0.00854200000333094,0.005250000000955879,11.54304199999956,0,1,0
2,73,135548,11.701166999998236,0.04908300000749932,0.02758299999072733,11.778542000001835,0,3,12
2,74,135549,11.696708999991756,0.1019160000055308,0.07829200001197023,11.878041000002781,0,3,38
2,75,135550,11.715499999993995,0.06404200000531546,0.04020900000512029,11.82074999999827,1,3,18
2,76,135551,11.576167000001192,20.657749999998032,16.932248999992794,49.16737499999613,7,15,12998
2,77,135552,11.987875000002646,1.5211249999964593,0.926375000005919,14.4361669999995,1,17,776
2,78,135553,11.619375000009313,0.12550000000999262,0.07141599999727077,11.817084000000477,2,5,48
2,79,135554,19.69158400000026,0.44458300000371764,0.3188340000122025,20.455416000004334,1,7,232
2,80,135555,11.81762500000616,0.2750829999911275,0.1859169999960386,12.279416999987802,1,6,142
2,81,135556,11.831374999999866,8.708334000004925,6.510542000000896,27.05070800000442,3,29,5134
2,82,135557,18.261499999994157,33.36970799999506,27.385416999990753,79.01733299999592,0,10,20966
2,83,135558,11.925124999990544,42.737250000001836,43.48866699999121,98.15258300000096,0,5,27274
2,84,135559,12.079583000002003,0.4557909999931553,0.08949999998719704,12.62541699999531,2,5,56
2,85,135560,11.773999999988405,0.09966700000063611,0.06799999999884676,11.942583000006834,3,5,38
2,86,135561,11.603292000003762,0.18229200000519086,0.12250000000335604,11.908791999999835,8,9,86
2,87,135562,11.821582999999691,0.5257920000047989,0.33450000000811997,12.682417000007717,1,16,260
2,88,135563,11.505334000005973,0.09237500000836008,0.04899999998997373,11.647125000010305,0,4,26
2,89,135564,11.853208999994536,0.12312500000177806,0.07008400000074744,12.046791000003054,0,4,46
2,90,135565,11.697707999999807,1.5927920000109452,0.9448750000018435,14.235958000000437,0,30,776
2,91,135566,11.900249999996504,36.00141699999426,37.73008400000322,85.63354199999651,3,14,22778
2,92,135567,11.730334000006337,0.4702499999922338,0.09499999998752173,12.295833999999672,0,7,64
2,93,135568,11.423708999998894,0.10116699999684897,0.066957999990791,11.592375000006427,0,3,40
2,94,135569,11.834290999999553,0.2542500000117798,0.16254200001242225,12.252042000000074,2,7,116
2,95,135570,20.864416999998525,29.974542000005044,24.532500000006507,75.37312499999871,2,14,18694
2,96,135571,12.4536669999884,0.33808300000259806,0.05841600000167091,12.850583999991727,0,6,38
2,97,135572,11.634667000009813,0.06991600000105791,0.04570900000544498,11.75129199999958,1,3,24
2,98,135573,12.021416999999701,21.170791000002964,16.303876000009154,49.49683300000629,0,27,13356
2,99,135574,12.003291000013405,0.8342089999899827,0.4680410000048596,13.305916999996725,0,8,370
2,100,135575,11.353249999999093,2.04970800000126,1.7270419999846354,15.13087499999699,0,6,1220
2,101,135576,10.975874999999746,0.12866700001268327,0.0810410000013917,11.186082999998348,2,3,52
2,102,135577,11.613959000001728,4.329874999996264,3.1947079999952166,19.139207999998575,10,23,2646
2,103,135578,11.769082999990133,1.230083999999465,0.8483739999860518,13.848250000009443,1,11,676
2,104,135579,11.449209000005567,0.512916000005248,0.38112499998987914,12.344000000013011,2,6,294
2,105,135580,11.54808299999388,0.08279200000060882,0.048082999995813225,11.679917000009254,0,3,26
2,106,135581,11.427292000007583,3.752708999996912,2.793207999985725,17.973917000006168,0,5,2214
2,107,135582,11.426291999995897,0.06579099999726168,0.025958000009040916,11.518499999993992,0,2,12
2,108,135583,11.764166999995496,10.088082999999415,7.509207000012452,29.361958000009736,2,24,6190
2,109,135584,11.80912500001341,0.19733300000268628,0.0592920000030972,12.066500000003089,0,4,38
2,110,135585,11.752582999989158,0.42183399999373705,0.2678740000021662,12.443167000000699,1,12,208
2,111,135586,20.360207999999602,0.5873749999949496,0.46783300000186046,21.41633400000842,1,6,344
2,112,135587,11.769166999997083,16.46637500000736,13.620209000009709,41.85675000000799,1,7,10162
2,113,135588,11.950292000008744,0.21716700000240508,0.06483400001400241,12.232750000009673,0,2,40
2,114,135589,11.769291999996767,0.008708000009960415,0.0059160000063229745,11.784541000011473,0,1,0
2,115,135590,11.552416000000676,14.223707999988733,11.510457999989399,37.28800000000376,0,20,8850
2,116,135591,11.787249999997584,73.19829099999708,68.16437499999495,153.15100000000825,0,14,45946
2,117,135592,11.88937500000975,1.1090830000028973,0.37433299999634073,13.373540999992883,0,5,292
2,118,135593,11.833417000005397,10.618540999999482,8.672999999987496,31.126166999996485,0,11,6482
2,119,135594,17.18058299999825,0.5555000000043719,0.3431250000005548,18.079999999997654,0,4,256
2,120,135595,11.749208999987104,6.263416999999549,4.773082999989242,22.78708299999721,1,13,3776
2,121,135596,10.938292000005845,0.10287499999606098,0.031125000006682058,11.073166999992168,0,2,12
2,122,135597,11.834291999988977,5.615000000005921,3.817374999997014,21.266999999994596,0,38,3200
2,123,135598,11.542208999998138,0.07470899998907043,0.007958999987067727,11.625707999996848,0,1,0
2,124,135599,11.243750000005548,49.18520800001147,48.241499999988946,108.6714169999965,0,36,31008
2,125,135600,11.814499999999839,4.381624999993505,3.028917000008846,19.225541999986717,2,14,2376
2,126,135601,11.925541000010753,11.24104199999465,9.776833999993073,32.94437499999958,0,3,6902
2,127,135602,19.93529199999955,0.3146250000014561,0.15504100001351162,20.40562500000931,0,7,110
2,128,135603,11.491290999998682,0.4347499999965976,0.28741699999557113,12.213958999993224,0,8,230
2,129,135604,11.52429100000063,0.04308300000843701,0.02329199999451248,11.591124999995372,0,2,10
2,130,135605,11.807083999997303,0.8081249999918327,0.5083750000096643,13.123874999990903,0,21,402
2,131,135606,12.031167000003506,10.752167000006807,8.919542000001002,31.70366599999852,0,8,6808
2,132,135607,11.775916000004827,0.1797079999903417,0.056000000014932994,12.012667000007582,1,3,28
2,133,135608,11.641167000007613,32.773250000005305,25.944792000004213,70.3600410000007,0,46,20172
2,134,135609,13.630417000001671,16.688332999990507,13.57300000000805,43.892708000001335,0,10,10316
2,135,135610,11.735707999989131,0.9462909999911062,0.6959170000016002,13.379000000000474,1,3,462
2,136,135611,11.692875000008485,0.05112500001303033,0.027333999994993974,11.77179100000103,1,2,12
2,137,135612,15.89312500000517,6.067333999993707,4.421749999991675,26.38283300001376,0,28,3606
2,138,135613,12.213333999994802,0.9139590000017961,0.6007499999896027,13.72841699999583,1,15,472
2,139,135614,10.92312500000503,0.01512500000444561,0.004333999996219973,10.943000000011693,0,1,0
2,140,135615,11.641040999990082,0.06675000000200271,0.03399999999942338,11.742957999999248,1,3,14
2,141,135616,11.80887499999983,2.398083000002771,1.8498329999943053,16.05787500000133,0,7,1490
2,142,135617,11.59587499999759,38.73770900000295,40.39270899998826,90.72774999999922,0,5,24940
2,143,135618,20.88108300000613,0.34204099999612936,0.036166000015214195,21.25983399999143,0,2,18
2,144,135619,11.844832999997834,7.032874999993055,5.504999999985216,24.383334000006585,0,11,4246
2,145,135620,11.670874999992975,0.3157080000022461,0.167540999996163,12.154582999997388,0,6,126
2,146,135621,11.90345800000614,0.21720800000935014,0.1357090000055905,12.25708399999803,1,8,86
2,147,135622,11.527916999995114,0.09008300000346026,0.05262499999503234,11.67099999999266,0,4,34
2,148,135623,11.387749999997254,0.2687500000035925,0.17883399999618632,11.836291999998139,0,5,112
2,149,135624,11.98150000000453,0.48795800000789313,0.3507500000097252,12.820791999999415,1,8,262
2,150,135625,11.369708999993122,0.05108400000608526,0.03179200001568461,11.453375000002097,0,2,12
2,151,135626,11.855875000009064,62.22200000000555,61.289584000007835,135.3689999999972,0,16,39598
2,152,135627,11.658374999996113,1.0903749999897627,0.44425000001524495,13.193624999999543,0,6,358
2,153,135628,11.685208000002945,0.43045900000038273,0.2687500000035925,12.384749999995392,0,8,204
2,154,135629,11.84245800000383,3.4425409999983003,2.4086660000079974,17.69399999999166,0,17,1998
2,155,135630,11.636167000006026,0.14287499999454667,0.096833000000629,11.876333999992994,1,2,54
2,156,135631,11.726834000000963,56.489624999997545,54.39287400000126,122.61104200000261,0,23,35756
2,157,135632,11.747249999999099,1.20720799999674,0.5703759999988733,13.525166999997396,1,10,440
2,158,135633,11.52133400000821,2.749083000011865,1.6883750000005193,15.95945799999754,4,55,1382
2,159,135634,19.687167000000727,2.860834000003365,2.035875000004239,24.584415999996168,48,67,1630
2,160,135635,11.652958999988527,0.3737920000048689,0.2203749999836191,12.24737500000117,0,7,172
2,161,135636,11.759832999999276,3.977125000005799,3.071707999993123,18.809708000006253,2,10,2406
2,162,135637,11.720291000003158,20.42254100000207,15.938833999996405,48.08250000000669,0,30,12368
2,163,135638,11.883250000011003,6.839417000009007,5.751125000003299,24.47441700000752,3,6,4056
2,164,135639,11.505708000001391,8.766374999993332,6.625167000009924,26.89766700000007,0,12,5240
2,165,135640,12.003167000003145,0.5051250000036589,0.2876249999985703,12.796625000007111,2,12,192
2,166,135641,12.00216700000567,0.9829170000017484,0.7481659999939438,13.73383400000705,1,10,542
2,167,135642,11.559000000005426,0.21983399999214726,0.14862499999424017,11.927833999990867,4,9,88
2,168,135643,11.814917000009473,0.01033299999164683,0.0040420000146923485,11.829875000003653,0,1,0
2,169,135644,11.82499999998754,16.464749999997252,14.075624000000175,42.36629100000755,0,8,10198
2,170,135645,11.565708000006225,1.7826249999899346,0.9747499999974707,14.323792000013214,0,49,814
2,171,135646,11.620542000002843,1.192916999997351,0.9153749999910588,13.729375000011146,0,8,708
2,172,135647,11.511541999993824,33.92920799998933,26.529791000001524,71.97170799999242,0,111,20520
2,173,135648,11.757500000001642,0.6537910000048441,0.27929200000187393,12.690917000000468,0,3,198
2,174,135649,11.574249999995345,0.17733399999997346,0.13212400001805236,11.8848750000069,1,4,78
2,175,135650,19.780374999996297,0.059708999998520085,0.03545900000290203,19.876874999994243,0,2,16
2,176,135651,11.55483300000526,0.3087079999914977,0.22225000000730688,12.086041999992858,0,3,164
2,177,135652,11.448708000003194,0.0692090000029566,0.02945800001441512,11.547958999997832,0,4,16
2,178,135653,11.677082999995037,0.3493329999884054,0.2641249999868478,12.291417000000138,1,4,190
2,179,135654,11.562333000000535,0.08762500000614182,0.05220900000324491,11.702666999994449,6,7,32
2,180,135655,11.421416999993994,2.1158339999942655,1.4412090000064381,14.979291000003059,0,20,1222
2,181,135656,11.435832999993067,0.08541699999398134,0.05054099999313166,11.572208000004025,3,5,22
2,182,135657,11.721459000000323,2.3994169999923542,1.7739999999974998,15.895624999998859,0,20,1406
2,183,135658,11.534166999993545,0.3399170000051299,0.19145800000330837,12.065958000007981,0,8,150
2,184,135659,11.440666000012811,0.34358300000292274,0.24929100000292692,12.033916999996563,2,5,198
2,185,135660,11.557707999998001,0.17862500000376258,0.12158300000919553,11.858458000006067,0,2,86
2,186,135661,11.72975000000065,0.009250000005067704,0.005084000008537259,11.74500000000478,0,1,0
2,187,135662,11.520875000002206,1.4175830000056067,1.018665999993118,13.95745800000725,0,5,818
2,188,135663,11.704790999999659,0.8576660000017,0.5607079999947473,13.123667000002115,4,12,420
2,189,135664,11.730249999999387,0.0706670000027998,0.041207999998960076,11.8425000000002,0,3,22
2,190,135665,11.543333000005873,0.07433300000059262,0.04629100000386188,11.66429199999186,0,3,28
2,191,135666,19.53216700000837,0.027125000002570232,0.013542000004918009,19.573334000000386,0,2,2
2,192,135667,11.644959000008726,0.12945799998931307,0.07254199999806588,11.847625000001472,0,4,50
2,193,135668,11.741916999994828,17.601291999994828,14.8627920000024,44.20691600000737,0,21,10894
2,194,135669,11.58424999999852,0.2943340000030048,0.0902929999853086,11.969166000000087,2,4,58
2,195,135670,11.755957999994848,0.1620000000031041,0.10629199999812045,12.025250000007759,1,3,70
2,196,135671,11.466374999997697,0.4864999999938391,0.37241599999049413,12.326334000007932,0,2,276
2,197,135672,12.010083999996368,48.006667000009884,46.1364999999887,106.15441600000963,1,19,30066
2,198,135673,12.01516700000127,10.036499999998227,7.494458000010695,29.547124999993457,0,15,5962
2,199,135674,11.631874999991965,0.2184589999956188,0.08425000000045202,11.93487500000856,4,8,58
2,200,135675,11.935041000000979,73.59020799999882,69.5127919999976,155.03970800000388,0,11,46496
2,201,135676,11.910083000003624,0.6912919999990663,0.10345900000174879,12.705500000009806,0,7,68
2,202,135677,12.012957999999685,12.856209000005947,10.545332999996049,35.41583300000184,1,22,7988
2,203,135678,11.730499999998756,0.21808399999656558,0.06920900001716745,12.018290999989745,2,6,44
2,204,135679,11.562667000006854,0.08716600000013841,0.05475000001808894,11.7057500000044,2,4,32
2,205,135680,11.736874999996871,0.20062500000506134,0.1204999999941947,12.058958000011444,0,4,86
2,206,135681,11.765291999992655,93.49287499999548,85.21016599998177,190.47029100001112,2,19,58570
2,207,135682,19.79649999999822,47.33970800000975,44.704957999996964,111.8430410000002,0,19,29258
2,208,135683,17.539291999995044,0.39858399999559424,0.03262500000289492,17.97108299999195,0,3,10
2,209,135684,11.745167000000833,37.04716599999358,31.059749999997166,79.85354099999142,0,31,23244
2,210,135685,11.862999999991075,0.7802090000126327,0.3555840000046828,12.999582999995596,0,2,266
2,211,135686,11.622750000000792,0.36283299999695373,0.2649999999988495,12.251207999995017,5,9,194
2,212,135687,11.671583999998347,2.7374169999916376,1.88712400002089,16.296666000002347,0,12,1584
2,213,135688,11.905124999998407,21.237416999994707,17.698084000002723,50.84166599999662,2,10,13338
2,214,135689,11.891542000000754,0.2725420000047052,0.06029200000057244,12.224875000001134,2,4,32
2,215,135690,11.543250000002558,0.06125000000167802,0.04033400001901555,11.645083000004774,2,5,18
2,216,135691,11.474792000001344,0.9786669999982678,0.6323329999986527,13.086375000000317,3,11,516
2,217,135692,11.609624999991297,0.8465419999907908,0.6221669999888491,13.078875000005041,3,9,488
2,218,135693,11.490958999999634,0.16866700001116897,0.11254099999291611,11.772874999991245,0,3,78
2,219,135694,11.425208999995107,22.850250000004735,19.58000099999424,53.85637499999518,0,12,14228
2,220,135695,11.760249999994699,1.0872499999976526,0.6014170000128161,13.449417000003905,0,7,474
2,221,135696,11.78262499999505,74.32737499999575,68.46820900000239,154.5797909999891,0,26,46780
2,222,135697,11.7231659999959,7.902334000007727,6.051583000001415,25.678166999995256,3,13,4620
2,223,135698,19.488457999997877,1.5772080000004962,1.0720419999898922,22.138333000000898,0,5,886
2,224,135699,11.814833000002523,0.07595799999648989,0.031291999988525276,11.923375000009173,0,3,10
2,225,135700,11.934334000002877,85.66029200000003,69.3681249999969,166.964207999996,0,49,54034
2,226,135701,12.248916999993753,1.0630409999947688,0.33216700001048594,13.644875000011325,0,6,226
2,227,135702,11.527375000000006,0.17204199998843706,0.09604099999194204,11.796541000009597,1,7,64
2,228,135703,11.674624999997718,0.13512499999990268,0.10870900000270467,11.918958999999063,1,3,64
2,229,135704,11.737790999987396,0.9887920000011263,0.6553329999974267,13.382292000002849,0,12,534
2,230,135705,11.789874999990957,0.16645800000958388,0.10129199998232252,12.058125000010023,0,5,74
2,231,135706,11.515166999998883,0.7173750000077916,0.45066599999188384,12.683584000001247,0,12,382
2,232,135707,11.844416999991836,5.96137499999827,4.386958000011987,22.1932919999972,0,12,3672
2,233,135708,11.709624999994617,0.09429199999999582,0.02933300000051986,11.834417000002873,0,2,10
2,234,135709,11.942750000002889,0.00870799999574956,0.005333000004270616,11.957291999991071,0,1,0
2,235,135710,11.748791000002257,0.0615419999974165,0.0412500000095406,11.852541999999744,0,3,16
2,236,135711,11.54954199999736,0.12900000000115597,0.08416699999713728,11.76316699999802,0,4,56
2,237,135712,11.929749999993078,56.056750000010425,55.43016599999362,123.4183330000036,0,18,35748
2,238,135713,12.795957999998109,16.554041000006237,13.02379199999848,42.375708999998096,2,9,9702
2,239,135714,20.4876669999976,1.3770420000014383,0.8097910000088859,22.675749999990558,0,20,664
2,240,135715,11.87645900000689,0.23054199999705816,0.1395419999994374,12.246875000002433,1,6,104
2,241,135716,11.799749999994447,0.042167000003701105,0.024793000008571653,11.867624999993609,1,2,8
2,242,135717,11.49716599999806,0.04800000000670934,0.02529299999309842,11.571500000002288,0,2,6
2,243,135718,11.920833000004905,0.07324999999980264,0.045166000006702234,12.03999999999894,1,3,24
2,244,135719,11.621499999989737,0.15145800000482268,0.07025000000737691,11.843916000003674,0,4,42
2,245,135720,11.612417000009145,0.1534160000034035,0.08216599998434049,11.848374999999578,0,6,56
2,246,135721,11.590000000012424,0.26599999999632473,0.15854100000467497,12.015500000003954,2,10,118
2,247,135722,11.831833000002234,1.9230419999871629,1.443416999990177,15.198542000007365,1,6,1164
2,248,135723,11.879041000000257,0.2377500000108057,0.1648319999958403,12.281999999999016,1,3,122
2,249,135724,11.620667000002527,0.6106250000073032,0.425417000002426,12.656917000001044,3,19,308
2,250,135725,11.568207999999913,0.09037499999919874,0.05383300000971758,11.71341699999573,1,4,30
2,251,135726,11.847708000004786,0.13020800000163035,0.09591699998168224,12.074459000004367,0,2,62
2,252,135727,11.678165999995826,1.3066249999980073,0.7457909999857293,13.731709000012415,1,19,644
2,253,135728,11.506083000000444,0.23862500000859654,0.16170899999679023,11.906874999993988,2,5,120
2,254,135729,11.518874999993045,0.6141249999984666,0.3946249999984275,12.527959000010469,1,17,298
2,255,135730,20.257042000011438,57.17037499999833,54.95200000000011,132.38083299999914,1,20,36138
2,256,135731,12.256250000007185,42.30812500000525,33.001626000014994,87.56716700000311,0,30,25964
2,257,135732,11.654957999994053,0.6810419999965234,0.2355830000055903,12.572417000001224,1,5,150
2,258,135733,12.023833999990075,6.769749999989472,5.831041999996955,24.625583000002393,1,4,4266
2,259,135734,11.872041000003719,54.84579200000894,53.006042000006914,119.72570800000426,0,26,35008
2,260,135735,16.2516669999917,0.5296249999986458,0.05733400000451638,16.839290999996592,2,5,36
2,261,135736,11.062291000001778,0.00962500000412092,0.004791999998587926,11.07712499999991,0,1,0
2,262,135737,11.677625000004355,0.008082999997327533,0.007582999984379057,11.693999999991433,0,1,0
2,263,135738,11.380833000004031,0.06704100000831659,0.03995800000211602,11.488166999995997,0,3,20
2,264,135739,11.515541999997936,0.9191660000027468,0.6610000000080163,13.09654099999591,2,8,508
2,265,135740,11.689542000013375,0.06995799999742758,0.03025000000889122,11.790290999996955,0,4,14
2,266,135741,11.162666999993576,1.1533750000012333,0.6909170000000131,13.007500000000505,0,28,562
2,267,135742,11.56458399999849,0.3266249999995807,0.2111250000069731,12.102665999989881,0,6,156
2,268,135743,11.614459000000465,57.436082999998916,55.376750000007746,124.42845799999702,2,17,36088
2,269,135744,11.794999999992228,0.7617079999988619,0.20183299999132487,12.759208999995053,5,7,130
2,270,135745,12.08912500000281,0.16808300000548115,0.10770899999101857,12.365458999994416,1,6,74
2,271,135746,19.412541999997757,1.2716250000011087,0.8303749999925003,21.515374999992787,0,19,672
2,272,135747,11.938333000003354,64.63716700000077,62.795041000001106,139.3717090000024,0,23,39810
2,273,135748,12.711582999997972,1.240166999991743,0.5952510000071243,14.547874999990995,0,4,452
2,274,135749,11.996292000006292,3.3551659999915273,2.637874999976475,17.990124999997192,2,11,2004
2,275,135750,11.833500000008712,14.038417000008963,12.23433299999499,38.107040999989295,0,11,8864
2,276,135751,11.597666999989542,0.6242500000013251,0.3734160000021802,12.59595799999147,0,4,292
2,277,135752,11.923332999998593,0.35158299999693554,0.24033300000780855,12.515582999995445,0,9,180
2,278,135753,11.488624999998365,0.3127920000025597,0.2535830000027772,12.055916999997862,0,3,168
2,279,135754,11.573709000003873,0.11062499999070496,0.06574999999031661,11.750665999997523,0,3,36
2,280,135755,11.64791699999057,2.015249999999469,1.5058750000065402,15.170042000008266,0,2,1170
2,281,135756,11.773292000000879,37.3429999999928,30.76716699999338,79.88479200000143,0,13,23070
2,282,135757,11.517582999999831,0.3272919999943724,0.00762500002338129,11.853125000001796,0,1,0
2,283,135758,11.739999999988981,0.20037499999148167,0.14166699999407228,12.082959000011328,0,4,96
2,284,135759,11.56566699999928,4.500915999997801,3.4140829999955713,19.48145800000134,1,4,2758
2,285,135760,11.778582999994569,21.839167000010207,17.916374999998652,51.53445800000611,0,11,13804
2,286,135761,11.905375000011986,6.495416999996451,4.926251000000548,23.32787499999256,0,17,3982
2,287,135762,20.092083999998067,0.2077500000012833,0.08670900001561677,20.38691599999254,1,5,58
2,288,135763,11.780666000007045,0.5965830000036476,0.38020799999571864,12.75787500000547,0,11,302
2,289,135764,11.594291999998063,39.82225000000028,33.17420800000548,84.59237499999972,0,43,24700
2,290,135765,11.95324999999059,0.40108299999985775,0.055748999997717874,12.410792000011384,1,4,32
2,291,135766,12.09854199998972,71.30199999998865,67.59133399999939,150.99370800000145,1,32,45172
2,292,135767,11.734750000002236,10.87745899999959,7.9408759999921585,30.553499999996347,2,15,6292
2,293,135768,11.950874999996586,43.783624999989,46.94395799999995,102.67987499999265,0,5,28480
2,294,135769,11.731625000010126,14.417209000001208,12.032957999991822,38.18270799999368,0,16,8788
2,295,135770,11.618624999996996,0.1992910000012671,0.07041700000343099,11.889125000010381,1,3,40
2,296,135771,11.57324999999787,0.5404170000105069,0.3937489999970012,12.50812499999654,0,9,278
2,297,135772,11.87816699999189,6.695958999998197,4.350666999997088,22.925125000000435,0,51,3608
2,298,135773,11.987791000009906,0.1627910000081556,0.05587599999046233,12.207666999998423,0,3,24
2,299,135774,11.621584000010898,0.26520800000184863,0.17620799999917836,12.06374999999582,0,4,130
2,300,135775,11.56141700001001,14.07562500000381,11.722540999997477,37.36070899999788,1,15,8964
2,301,135776,11.70679099999461,24.59045800000581,20.103292000001716,56.401833999998985,1,17,15256
2,302,135777,11.882167000010213,0.37379199999065804,0.11387500001092121,12.370624999988422,0,3,80
2,303,135778,20.136000000007925,0.3179160000001957,0.16374899999505033,20.61808300000223,2,11,126
2,304,135779,11.679917000009254,20.81654200000571,17.88495799999623,50.38262499999746,0,14,13164
2,305,135780,11.919792000000484,0.41191600000445305,0.12087500000745877,12.453166000000238,1,8,86
2,306,135781,11.471666999995023,0.049541999999291875,0.024417000005882983,11.546374999994669,0,3,10
2,307,135782,11.75016700000242,1.163667000000146,0.813957999994841,13.72820899999283,14,21,656
2,308,135783,11.852957999991531,67.1056249999964,64.53233400000613,143.49287500000685,13,27,42414
2,309,135784,11.465208999993592,0.7235409999992726,0.09087400000851176,12.280458000006433,0,9,60
2,310,135785,11.737917000004927,7.599916999993184,6.042667999992091,25.38158299999793,0,15,4668
2,311,135786,11.821958000012955,7.546832999992148,5.802000000002749,25.171790999991117,0,14,4550
2,312,135787,11.738625000006664,0.6028329999878679,0.4313749999909078,12.773666000001072,0,4,310
2,313,135788,11.46708400000307,0.018124999996871338,0.007207999999536696,11.493290999993633,0,1,0
2,314,135789,11.555833000002735,0.06562500000484306,0.031708999998159015,11.653957999996578,1,3,16
2,315,135790,11.755250000007322,3.4788330000026235,2.821750000009615,18.056250000000773,0,4,2192
2,316,135791,12.581124999996973,5.8699580000052265,4.318875000009825,22.77104200000224,7,25,3354
2,317,135792,14.764958999990085,5.431000000001518,4.330084000002898,24.527042000002552,0,12,3448
2,318,135793,11.495499999995218,1.4875840000030394,1.1707080000178394,14.154417000000308,2,9,894
2,319,135794,19.81270900000709,41.51554199999907,42.39258399998391,103.72216599999717,0,24,26446
2,320,135795,11.720417000006478,0.3929579999919497,0.03941699999643333,12.15387499999565,1,4,20
2,321,135796,11.929000000009182,14.88466600000038,11.896209000013869,38.710874999992484,0,25,9348
2,322,135797,11.846582999993416,6.461000000001604,4.716582999989782,23.025125000003754,0,14,3918
2,323,135798,10.98362499999439,0.9184999999973797,0.587041999992266,12.4897500000003,0,7,448
2,324,135799,11.689040999996791,0.08562499999698048,0.0517499999972415,11.827042000007282,0,2,32
2,325,135800,11.59074999999632,0.12487500001157059,0.08141600000044491,11.797624999999812,2,5,54
2,326,135801,11.625958000010428,0.7582920000004378,0.46799900000848993,12.85316700000294,0,9,392
2,327,135802,11.77279199998793,1.6242499999918891,1.2833319999998594,14.681125000009843,0,8,996
2,328,135803,11.780792000010365,0.10887499999512329,0.056374000010350755,11.946582999996735,0,4,34
2,329,135804,11.783166999990158,0.9727079999919397,0.762499999993338,13.519500000001017,0,4,584
2,330,135805,11.684291999998209,0.5999160000129677,0.3724999999974443,12.657250000003728,0,7,300
2,331,135806,11.503208999997128,0.18662500001198623,0.12812599999278973,11.818375000004266,2,5,86
2,332,135807,11.870500000000561,51.14679200001149,50.293834000001425,113.31266700000242,0,28,32326
2,333,135808,12.165500000008933,30.925584000002004,25.51466699999594,68.60662500000103,0,24,19376
2,334,135809,11.799249999995709,0.3376250000002301,0.04645900000355141,12.184042000001227,0,2,18
2,335,135810,21.47008400000061,0.21429099999181744,0.126499999993257,21.811833000001002,1,8,86
2,336,135811,12.238416000002417,32.360749999995164,26.173751000001744,70.77454199999522,1,11,19612
2,337,135812,11.744625000005726,0.4143339999984619,0.09350100000915518,12.253250000000548,1,7,64
2,338,135813,11.85325000000148,0.08833299999366773,0.047667000004025795,11.989916999993966,0,4,28
2,339,135814,15.007457999999474,0.08020899998939512,0.041334000002279936,15.129874999999515,1,5,20
2,340,135815,13.283624999999688,0.973458000004257,0.7973759999941876,15.055291999999554,1,5,576
2,341,135816,11.357583999995313,0.5814580000134129,0.42270799998789244,12.362250000009567,2,8,336
2,342,135817,11.6568749999999,66.7270000000002,64.0369169999957,142.4226250000089,0,18,42710
2,343,135818,11.5201250000041,1.3467909999889116,0.6057089999984555,13.47329200000047,4,13,448
2,344,135819,11.702083000002972,11.57879100000514,9.195416000011392,32.47741600000609,1,14,7162
2,345,135820,11.213833999988765,0.24854200000845594,0.1056249999891179,11.56874999999502,0,2,74
2,346,135821,11.718917000010265,1.3638330000134147,0.956666999996969,14.040041000001224,0,17,768
2,347,135822,11.094249999999306,4.564874999999802,3.2167920000034655,18.876957999992783,1,57,2568
2,348,135823,11.050333000000023,16.583291999992866,13.791749999995773,41.4265419999964,4,14,10276
2,349,135824,11.672290999996449,0.4025829999960706,0.14908200000718352,12.22466600000871,0,5,104
2,350,135825,11.67299999998761,0.428333999991537,0.2984589999925902,12.400624999997945,0,7,228
2,351,135826,20.599708999995414,9.603208000001473,7.316540999994459,37.52104199999451,0,23,5664
2,352,135827,12.244082999998795,0.16716700000074525,0.048708000008446106,12.461083000005146,0,3,24
2,353,135828,11.4689579999947,11.153833999998142,8.890333000010742,31.514584000007062,2,14,6994
2,354,135829,12.028749999998922,0.15329200000735455,0.02862500001299395,12.211749999991639,0,3,8
2,355,135830,11.725124999998116,6.167333999997027,4.7872079999962125,22.680166999990092,0,3,3592
2,356,135831,13.132041999995181,0.8794579999999996,0.688875000008693,14.701000000002296,3,9,482
2,357,135832,12.04900000000464,0.047625000007656126,0.023208000001773144,12.120209000002546,0,2,10
2,358,135833,11.744542000002411,0.050583000003712186,0.03316699999800221,11.828958999998918,0,2,16
2,359,135834,11.76329099999407,0.17775000000597174,0.11333300000160307,12.055083000007016,0,5,82
2,360,135835,12.641709000007495,6.265707999986603,4.866457999995077,23.77508300000386,2,22,3826
2,361,135836,12.002042000005986,0.5855419999960532,0.3310839999954851,12.91916599998899,0,11,270
2,362,135837,12.00008300000377,8.758249999999634,6.908083000013221,27.667124999993575,0,9,5402
2,363,135838,11.92279199999291,0.49450000000206273,0.3023319999897467,12.720375000000672,1,5,214
2,364,135839,11.710124999993354,0.9032499999932497,0.6089590000044609,13.223125000010327,0,13,464
2,365,135840,11.675874999994562,0.14095899999233552,0.09512499998720614,11.912875000007261,0,2,60
2,366,135841,11.692624999994905,0.5683330000039177,0.4420009999961394,12.70362500000033,0,10,310
2,367,135842,19.955791000001,0.06337500001052376,0.028207999989149357,20.0480419999991,1,3,12
2,368,135843,11.602832999997759,0.04129199999169941,0.017874999997502528,11.662916999995332,0,2,2
2,369,135844,11.826624999997648,12.094540999996184,9.560374999992405,33.48225000000582,1,23,7410
2,370,135845,11.714083000001096,29.85179199998811,24.372833000001037,65.93958399999167,1,13,18590
2,371,135846,11.79254199999491,0.2464169999996102,0.006041999995431979,12.04558300000258,0,1,0
2,372,135847,11.824124999989749,0.15041700000040237,0.09099899999398531,12.06629200000009,0,4,56
2,373,135848,11.655666999999426,0.0394580000033784,0.02316700000903893,11.71875,0,2,10
2,374,135849,11.811000000008676,0.2364999999997508,0.13420900000937763,12.182624999994118,0,8,98
2,375,135850,12.01399999999353,0.7963329999967073,0.5574999999993224,13.368332999988297,1,6,446
2,376,135851,11.882083000003263,0.35779200000263245,0.29566599999952814,12.536041999993586,5,9,180
2,377,135852,11.894542000007391,0.22074999999688316,0.1384169999880669,12.254374999997708,0,4,104
2,378,135853,11.578124999999773,9.680333000005703,7.814124000006473,29.073582999998848,0,13,6000
2,379,135854,11.637958000008553,0.20866599999180835,0.0654999999909478,11.912584000000948,0,4,42
2,380,135855,11.908333000008042,0.4212500000022601,0.2999990000063235,12.629875000001789,0,4,234
2,381,135856,11.534832999998912,44.36954199999832,45.76520800000594,101.67049999999733,1,10,28336
2,382,135857,12.694749999994315,0.4152500000031978,0.04395800000622785,13.154459000006113,0,2,22
2,383,135858,19.900208999999336,42.85824999999477,42.70458299998836,105.46470800001373,1,37,27668
2,384,135859,11.941249999992465,0.8369170000008808,0.33929199999249704,13.118500000004474,1,6,256
2,385,135860,11.477374999998347,0.12270799999214432,0.06683299999110659,11.667416999998181,0,5,40
2,386,135861,11.986792000001856,4.119084000009821,3.1045420000026525,19.211249999997904,0,12,2490
2,387,135862,11.710917000002041,0.08008300000028612,0.02208200000097804,11.813500000002364,1,3,6
2,388,135863,11.96400000000608,0.17975000000092223,0.10874999999543888,12.253499999999917,1,6,74
2,389,135864,11.709042000006775,4.226708999993889,2.5942499999871416,18.530540999989853,4,61,2196
2,390,135865,11.892250000002491,0.05649999999945976,0.012416999993547506,11.961624999997866,2,3,2
2,391,135866,11.679166999996937,0.03116699998884087,0.018124999996871338,11.728999999988332,0,2,6
2,392,135867,11.415958000000614,6.842500000004748,4.856666999998538,23.11579199999869,0,60,4052
2,393,135868,11.320749999995883,0.16599999999300508,0.04433299999107021,11.531582999992906,1,5,26
2,394,135869,11.5744169999914,0.6107920000033573,0.4657080000214364,12.651500000004035,1,10,338
2,395,135870,11.931125000003817,13.932832999998368,11.997043000008034,37.861917000000744,10,17,8634
2,396,135871,11.76087499999312,0.20854099999212394,0.05979200001604568,12.029917000006662,0,4,34
2,397,135872,11.919040999998742,55.81787500000246,54.34395899999345,122.08175000000665,0,13,36266
2,398,135873,11.829375000004916,0.5885409999990543,0.08425000000045202,12.50245800000016,1,5,44
2,399,135874,19.565374999999108,0.8193750000060618,0.47879199999556477,20.86441599999489,0,15,394
2,400,135875,11.411959000000138,0.07412500001180433,0.03479099999026403,11.521999999999366,0,3,10
2,401,135876,11.780959000006419,0.08654199999114098,0.04466600000796461,11.912666999990051,0,4,28
2,402,135877,14.080665999998132,0.1723749999911206,0.10724999999922602,14.361125000007746,1,6,76
2,403,135878,15.848125000005098,0.37116699999728553,0.23616599997922094,16.45654200000024,4,10,182
2,404,135879,10.850915999995436,0.11741699999845423,0.06449999999347256,11.033333000000312,0,6,40
2,405,135880,11.445124999994505,40.33274999999037,41.008833999995886,92.78758300000334,0,14,25902
2,406,135881,11.858457999991856,5.551332999999659,3.7635419999872965,21.174208000005024,0,63,3018
2,407,135882,11.571541999998658,0.16779199999916727,0.07916599999191476,11.818958000006319,0,5,54
2,408,135883,11.529583000012167,8.963374999993334,6.635916999996994,27.12991699999634,0,29,5462
2,409,135884,11.672083999997085,0.13158400000179427,0.02704199998504464,11.831624999999235,0,3,10
2,410,135885,11.669542000007027,3.992207999999664,3.088583000021572,18.75112500000853,0,8,2476
2,411,135886,11.594000000002325,0.48799999999005195,0.3128750000058744,12.395624999996357,10,15,216
2,412,135887,11.736333000001764,3.1314160000022184,2.287125999998807,17.155290999994577,1,16,1876
2,413,135888,11.652249999997366,1.7765000000053988,1.1545419999947626,14.58379100000684,0,16,972
2,414,135889,11.54816700000083,0.7280419999915466,0.503000000009024,12.779875000006768,1,8,392
2,415,135890,19.703999999990174,1.646792000002506,1.038751000010052,22.39008300000478,0,26,858
2,416,135891,10.834750000000781,0.28858299999967585,0.17112400000485195,11.295167000000106,0,7,132
2,417,135892,11.911958000013101,0.16383400000563597,0.09250000000804448,12.169000000000096,1,8,60
2,418,135893,11.680458000000726,0.09874999999226475,0.06625000000326509,11.845957999994994,0,3,44
2,419,135894,11.605666999997766,0.07637499999191277,0.042582999995488535,11.725124999998116,1,4,24
2,420,135895,12.482333999997763,6.29241599999375,1.1711249999990514,19.94729099999404,0,9,886
2,421,135896,22.022417000002292,0.49895799999433166,0.19095899999399535,22.714125000007357,1,7,120
2,422,135897,13.874166999997328,36.85799999999517,29.511416000005397,80.24566599999616,0,14,22682
2,423,135898,12.184333999996966,0.4139579999957732,0.05283299999803148,12.652000000002772,1,6,34
2,424,135899,11.200709000007691,0.7616249999955471,0.6028750000126593,12.565749999993159,2,6,452
2,425,135900,11.845125000007783,0.08979199999714638,0.06020800000783311,11.995749999996974,0,2,30
2,426,135901,11.89441599998986,6.514792000004377,4.899874000003024,23.310291999990795,6,14,3900
2,427,135902,11.61562500000457,0.11587499999166084,0.032041000011417964,11.764874999997232,0,3,12
2,428,135903,11.709667000005197,0.07424999999727788,0.03433399999153153,11.818541000010896,4,6,18
2,429,135904,11.66025000000559,2.583083000004649,1.692000000005578,15.936499999995135,0,34,1408
2,430,135905,10.983417000005602,0.3171249999951442,0.1514169999978776,11.452707999993095,0,9,118
2,431,135906,19.384083000005603,0.3795829999972966,0.2708749999982274,20.035040999999865,0,6,210
2,432,135907,11.84679200000005,157.85379099999375,130.32491599999219,300.0271249999997,6,195,95574
2,433,135908,11.851082999996265,1.2906249999957708,0.032541999999580185,13.175375000002987,0,3,8
2,434,135909,11.76416599999186,0.3601250000002665,0.23195800000053168,12.356541999992032,7,12,178
2,435,135910,11.720584000002532,31.77541600000211,34.30133299998772,77.79870799998889,0,13,20348
2,436,135911,12.337957999989158,0.4803750000093032,0.06987499997990199,12.88900000000126,1,6,30
2,437,135912,11.802166000009606,0.3314159999945332,0.22920900001111022,12.363332999996146,1,9,170
2,438,135913,11.955749999998488,33.25487499999724,27.664000000001465,72.87612500000762,1,14,20994
2,439,135914,11.75775000000101,0.4065420000074482,0.07954100000517883,12.244332999998164,1,4,50
2,440,135915,11.822499999993852,0.12537499999609736,0.09441699999968023,12.042708999999263,2,3,62
2,441,135916,11.514916999999514,0.20362500001169792,0.1323339999999007,11.851582999995003,0,7,84
2,442,135917,11.598374999991279,6.115417000003731,5.174959000001422,22.889500000005114,0,3,3892
2,443,135918,11.601791999993338,2.459667000010768,1.6717499999998608,15.733832999998754,0,14,1398
2,444,135919,11.510999999998717,0.9227500000008604,0.7179999999920028,13.152207999993948,0,7,550
2,445,135920,11.230457999999999,0.07049999999253487,0.03287499998805288,11.334707999992588,1,3,14
2,446,135921,11.806082999996192,6.309459000007678,4.684959000002209,22.801333000003865,0,17,3898
2,447,135922,20.052457999995,1.1334590000018352,0.79666599998518,21.983292000001597,0,7,600
2,448,135923,11.647124999996095,0.6319579999995995,0.33650000000307045,12.616416000000186,3,11,292
2,449,135924,11.490167000005158,0.49837500000649015,0.3494590000059361,12.33858299998758,0,7,278
2,450,135925,11.866374999996765,0.2738330000084943,0.19437499999241936,12.335125000006997,4,6,138
2,451,135926,11.686541999992528,0.4160419999976739,0.23391600001332336,12.336833999995633,0,17,180
2,452,135927,11.537333999996235,14.52745899999286,12.53512599998885,38.60149999999862,1,14,9124
2,453,135928,11.937416000009193,48.73291699999527,48.45070800000428,109.12270800000101,0,20,31020
2,454,135929,11.770333999990612,1.2513749999953916,0.6505830000094193,13.672666000005052,0,8,448
2,455,135930,11.563416000001325,0.32416599999862683,0.23349999999311422,12.121792000002074,0,4,174
2,456,135931,11.62520799999811,0.05716700000846231,0.030332999997995103,11.713666999995098,0,2,4
2,457,135932,11.698334000001864,4.961249999993811,4.035500000000525,20.695750000001567,0,19,3150
2,458,135933,11.764041999995811,0.21737499999119336,0.11145799999212613,12.093708999998398,1,7,84
2,459,135934,11.845374999992941,0.9750830000001542,0.6905420000009599,13.511624999992478,2,9,568
2,460,135935,11.469625000003703,0.7116250000080981,0.46983299999681094,12.652083000006087,0,6,398
2,461,135936,12.193832999997767,5.976250000003347,4.224750999981097,22.396000000000527,2,18,3526
2,462,135937,11.351208000007773,0.18533399999398625,0.05687400000908838,11.59408300000564,0,2,26
2,463,135938,20.013082999994936,36.33416699999259,37.58874899999398,93.93675000001167,4,18,23168
2,464,135939,11.206833000002803,0.3634589999990112,0.04629199999328648,11.617458000003467,0,2,22
2,465,135940,11.78595800000437,0.15033400001129849,0.12629200000446872,12.063042000008295,2,5,62
2,466,135941,11.659790999999586,0.15304199999377488,0.10320799999874453,11.916459000005375,0,5,64
2,467,135942,11.362583000007476,0.1518339999933005,0.09220899998751975,11.607333000000608,0,4,64
2,468,135943,11.729458000004911,12.86075000000153,10.705248999997252,35.29670800000417,0,12,8044
2,469,135944,11.754166999992322,0.21633299999734845,0.0639169999914202,12.034958000000984,0,3,40
2,470,135945,11.665875000005599,27.67400000000464,23.06987500000446,62.4112499999967,0,31,17234
2,471,135946,11.913207999995734,0.4556250000007367,0.1507079999925054,12.520125000008875,7,8,104
2,472,135947,11.962584000002607,0.041667000004963484,0.024958000011565673,12.03016699999182,0,2,6
2,473,135948,11.063790999997991,0.09670900000458005,0.053708999999457774,11.214541999990502,0,4,36
2,474,135949,11.71791700001279,0.13699999999516876,0.08154200000376477,11.936833999996566,6,10,56
2,475,135950,11.997000000008029,12.430792000003521,9.698708000016154,34.12699999999802,1,21,7832
2,476,135951,11.942000000004782,1.3247090000021444,0.8689579999980879,14.13662500000612,1,8,688
2,477,135952,11.852708999995798,1.645999999993819,1.0929160000046068,14.592458000009856,1,20,948
2,478,135953,11.562666000003219,22.905625000007035,19.37904200001128,53.84816699999817,0,21,14494
2,479,135954,19.685582999997564,52.21349999999347,51.09575000000177,122.99716699999408,1,23,33324
2,480,135955,11.529666999990695,0.6762080000015658,0.15670800000577856,12.36375000000578,1,5,92
2,481,135956,11.674958000000402,0.6010409999959165,0.4572080000002643,12.733667000006221,0,3,340
2,482,135957,11.749832999996102,76.64870799999335,71.03345800000227,159.4337089999982,1,83,48582
2,483,135958,17.205875000001924,24.58983300000739,13.694166999997037,55.49116599999593,3,459,11722
2,484,135959,11.94108299999641,0.26037499999631564,0.057499999996935,12.259709000005614,0,4,30
2,485,135960,11.872416999992197,1.4882910000011407,1.124541999999451,14.485833000009052,0,6,900
2,486,135961,11.283000000005927,3.0064999999979136,2.272750000003043,16.563124999990464,0,3,1766
2,487,135962,11.200499999986846,0.35012499999709235,0.20579099999906703,11.757375000001957,3,8,148
2,488,135963,11.734750000002236,0.09208299999841074,0.060415999996621395,11.88795800000264,0,3,36
2,489,135964,11.795415999998227,7.735125000010612,5.7890000000071495,25.320624999991992,0,17,4600
2,490,135965,11.474167000002922,22.379540999992287,18.731500000001233,52.586750000003235,0,9,14030
2,491,135966,11.826707999986752,0.613915999991832,0.26450000000011187,12.705834000001914,0,12,214
2,492,135967,11.62637500000585,5.575375000006488,3.604207999998721,20.80662500000585,2,63,2998
2,493,135968,11.632040999998594,0.08670900000140591,0.02387499999656484,11.74379100000067,0,2,6
2,494,135969,11.545584000003828,0.4541670000008935,0.3222499999964157,12.322707999999238,0,7,240
2,495,135970,19.55358299998977,0.5911669999960623,0.39750000000537966,20.5432500000029,1,12,292
2,496,135971,11.89449999999681,0.6713329999996631,0.5213750000052642,13.088041999992583,1,7,374
2,497,135972,11.7435410000013,1.4527920000091399,0.9069580000016231,14.104042000013806,3,29,758
2,498,135973,11.36674999999343,0.10141599999258233,0.05587500000103773,11.524791999988793,0,3,34
2,499,135974,11.663624999997069,0.07916699999555021,0.045374999999125976,11.788624999994113,0,3,30
2,500,135975,11.678915999993933,0.5131249999976717,0.34120800000891904,12.534041999998635,0,5,254
2,501,135976,11.697791000017332,0.12929199999689445,0.10000000000331966,11.92820899998992,0,2,60
2,502,135977,11.682792000016207,0.12195799999403789,0.0789169999677597,11.884541000000581,1,4,34
2,503,135978,11.717708999981369,0.12450000002672823,0.07908399999223548,11.921665999977904,0,3,54
2,504,135979,12.155959000011762,0.043125000019017534,0.019624999993084202,12.219958000002862,1,2,4
2,505,135980,11.729916999996703,0.7957919999910246,0.5866660000037882,13.112624999990885,0,6,460
2,506,135981,11.650915999979361,1.8824999999935699,1.396498999980622,14.930792000001247,3,6,1094
2,507,135982,11.651583999991999,0.07904199998165495,0.03891699998348486,11.769915999991554,0,2,22
2,508,135983,11.582083000007515,0.12795800000731106,0.0672070000007352,11.778250000020307,0,6,40
2,509,135984,11.72950000000128,0.08087500000897307,0.03654200003211372,11.847290999980942,2,4,20
2,510,135985,11.421624999996993,37.322041999999556,31.51224999999158,80.25695800000676,2,29,23348
2,511,135986,20.02383399999985,0.4834169999980986,0.12704199997415344,20.634999999998627,2,6,74
2,512,135987,11.579374999996617,42.3288750000097,44.163083000000825,98.07287500001394,0,12,27326
2,513,135988,11.780541999996785,0.5594999999800621,0.10983299998201801,12.450375000014446,0,5,76
2,514,135989,11.689958000005163,0.08037500001023545,0.04212499999312058,11.81320899999605,0,4,24
2,515,135990,11.464875000001484,0.13370900001064,0.07187600002112049,11.671541999987767,0,6,46
2,516,135991,12.132207999997036,0.07120800000848249,0.04749900000433627,12.251208000009228,0,2,28
2,517,135992,11.666832999992494,40.69520799998827,42.66420799999082,95.02791700001012,0,6,26538
2,518,135993,11.869458000006716,0.87616700000126,0.371333000003915,13.118167000016001,0,7,298
2,519,135994,11.558416000013949,1.3738339999918026,0.9864999999820157,13.91941700001098,5,8,790
2,520,135995,11.48962499999584,0.11204099999417849,0.06058299999267547,11.662625000013804,3,5,40
2,521,135996,11.607666000003292,0.10054099999479149,0.04245799999580413,11.751166999999896,0,6,26
2,522,135997,11.863208999983499,0.5331249999755983,0.3205420000256254,12.71724999998014,0,13,264
2,523,135998,11.651083000003837,0.6648330000018632,0.48308200001656587,12.799416999996538,10,15,380
2,524,135999,11.852916999998797,34.668499999980895,35.234166999998706,81.75804199998993,3,17,22024
2,525,136000,15.643041000004132,0.35925000000247564,0.04654100001744155,16.04941700000495,2,4,24
2,526,136001,11.801459000025716,0.12758399998347159,0.07583400000044094,12.005375000001095,2,8,50
2,527,136002,20.034000000009655,54.458250000010366,43.77083300002482,118.26425000000995,0,71,34078
2,528,136003,12.429749999995465,0.6047920000185059,0.12058300001172029,13.155333999975483,0,3,86
2,529,136004,11.78066700001068,0.01004099999590835,0.004958999994641999,11.796000000003914,0,1,0
2,530,136005,11.779791999998679,1.2905419999924561,0.7112499999948341,13.782082999995282,2,31,596
2,531,136006,11.863625000017919,3.864290999985087,2.9933740000274156,18.722042000007377,0,16,2384
2,532,136007,11.834125000007134,0.1127090000068165,0.037583999983326066,11.98487499999601,1,5,18
2,533,136008,11.61537499999099,36.703041999999186,30.57483200001343,78.89416700001561,0,30,23088
2,534,136009,11.6079999999954,0.34145800000828785,0.02529100001424922,11.975708000022678,0,2,8
2,535,136010,11.536583999998129,40.78270799999473,40.56683300001396,92.88691699998708,2,35,25868
2,536,136011,12.282249999998385,20.457958000008603,16.348209000000224,49.089624999993475,2,20,12552
2,537,136012,11.566165999994382,0.5769999999927222,0.25579199999015145,12.399874999999838,1,13,190
2,538,136013,11.26725000000306,3.0026670000040667,2.3101249999797346,16.580833000006123,0,8,1888
2,539,136014,11.742125000012038,0.10358400001564405,0.053417000003719295,11.899625000012293,0,2,30
2,540,136015,11.810332999999673,0.07108299999458723,0.034666000004790476,11.916374999998425,0,5,18
2,541,136016,11.921083000004273,9.47795799999085,7.541707999962455,28.94175000000132,0,10,5968
2,542,136017,11.771833000011611,4.645250000010037,3.505082999993192,19.922583000010263,0,7,2820
2,543,136018,20.039041000018187,0.2013339999962227,0.09620900002005328,20.33762499999625,0,4,60
2,544,136019,11.960749999985865,0.061040999980832567,0.025001000011570795,12.047167000019954,0,4,12
2,545,136020,11.603540999999495,20.107916000000614,16.284041999995225,47.9960420000225,0,20,12604
2,546,136021,11.86941699998556,0.3857920000029935,0.0982910000004722,12.353915999995024,0,3,74
2,547,136022,11.674207999988084,0.08233400001245172,0.05287599998382575,11.80983399999036,0,4,22
2,548,136023,11.634167000011075,27.06829199999561,22.117166999976234,60.82112500001813,3,19,16948
2,549,136024,11.395957999980055,47.882375000000366,47.31912500000135,106.59895899999583,0,14,30268
2,550,136025,11.834665999998606,0.7483750000005784,0.2584169999977348,12.842333999998345,1,8,200
2,551,136026,11.598540999983697,9.348167000013063,7.488499999993792,28.43658400001914,0,9,5726
2,552,136027,11.952166000014586,61.93095800000492,58.552541000011615,132.43666700000745,1,12,39042
2,553,136028,11.358916999995472,0.6690419999983988,0.1302910000049451,12.158833999990293,0,2,94
2,554,136029,11.889457999984643,17.47020799999177,13.98770800000193,43.34820899998704,4,30,10932
2,555,136030,11.84466600000178,0.19449999999210377,0.02599900000177513,12.065624999991087,0,3,12
2,556,136031,11.751790999994682,0.14191700000765195,0.08462499999950523,11.979249999996,0,5,52
2,557,136032,11.435249999976804,0.009458000022277702,0.005125000001271474,11.450332999999091,0,1,0
2,558,136033,11.602874999994128,16.980375000002823,13.954250000011825,42.53858399999899,0,16,10678
2,559,136034,20.1132920000191,0.26820799999427436,0.049667000013187135,20.43158300000414,1,6,30
2,560,136035,11.831083000004128,0.23262499999532338,0.12520800001425414,12.189667000001236,0,9,76
2,561,136036,11.687041999977055,2.5247920000026625,1.914041000020461,16.12700000001155,0,4,1496
2,562,136037,11.839541999989933,20.0606659999778,16.352832999984912,48.25445800000239,2,16,12556
2,563,136038,11.95749999999407,3.4357090000014523,2.3391660000129377,17.733042000003252,1,19,1914
2,564,136039,11.735291999997344,0.34629099999961,0.18808400000125403,12.270124999986365,1,14,144
2,565,136040,11.755249999993111,4.5849170000167305,3.460417000013649,19.801957999987962,0,8,2802
2,566,136041,11.761082999981909,1.6517919999898822,1.2029159999826788,14.61637500000279,5,15,940
2,567,136042,11.260082999996257,38.207749999997986,39.359958999995115,88.82941599998162,1,15,24170
2,568,136043,11.909207999991622,2.7571249999880365,1.489583000022776,16.156374999980017,1,31,1230
2,569,136044,11.631042000004754,31.310000000019045,25.82154199998854,68.76374999998802,0,37,19646
2,570,136045,11.266042000016796,3.958917000005613,2.2752499999967313,17.500584000003983,0,54,1988
2,571,136046,11.287583000012091,0.06183400000736583,0.01683400000729307,11.366667000004327,0,2,2
2,572,136047,11.829625000018495,0.12912500000084037,0.08945799999082737,12.04879200000164,1,3,62
2,573,136048,11.602958000025865,11.997958000023345,9.94449999998892,33.54645900000719,0,11,7396
2,574,136049,11.673457999989978,0.15575000000467298,0.02320799998756229,11.852792000013324,0,3,10
2,575,136050,20.29233300001465,75.55391600001826,70.16312400000402,166.01070900000536,0,22,47800
2,576,136051,12.009709000011526,62.37541699999838,57.38595900001542,131.77275000001032,1,62,38820
2,577,136052,12.033916000007139,1.1103329999855305,0.3801249999924039,13.525125000001026,0,11,296
2,578,136053,11.98145800000816,17.652709000003597,13.206749999966405,42.84195899998622,0,46,10632
2,579,136054,11.83145799998897,0.24345799999991868,0.028166999982204288,12.103666000001567,1,3,10
2,580,136055,12.906375000000025,0.23916600000006838,0.1404580000041733,13.286916999987852,7,12,100
2,581,136056,11.687333999987004,52.62995900000078,51.13591700001052,115.45462499998393,3,25,33618
2,582,136057,12.588542000003144,0.523749999985057,0.02408300002798569,13.137249999999767,0,2,2
2,583,136058,11.448666999996249,0.5912500000135879,0.3929579999919497,12.433415999993258,7,14,310
2,584,136059,11.705833000007715,3.8491660000090633,3.034624999997959,18.590333999981112,0,3,2398
2,585,136060,11.556749999982685,0.7119999999929405,0.4736669999942933,12.7431659999786,8,12,350
2,586,136061,11.755375000007007,43.539582999983395,36.601333999982444,91.89779100000806,0,37,27522
2,587,136062,11.618916999992734,12.354458999993767,10.02095800001257,33.99537499998928,0,5,7534
2,588,136063,11.68937500000311,42.21812499997668,34.59770899999626,88.50679099998615,0,47,26278
2,589,136064,11.9555420000097,16.87825000001908,13.609583000032899,42.44433299999173,1,13,10444
2,590,136065,11.827209000017547,26.51962499999172,20.86770900001511,59.216042000002744,0,33,16680
2,591,136066,19.782457999980352,0.44987500001525405,0.13108400000305664,20.36412499998619,0,7,98
2,592,136067,11.35174999998867,67.2460410000042,61.47608400002014,140.075166999992,0,94,41780
2,593,136068,11.89112499997691,0.5775829999947746,0.024749999994355676,12.493917000000465,0,2,8
2,594,136069,11.830416000009336,0.36066699999537377,0.23025099997653342,12.422624999999243,1,4,180
2,595,136070,11.71004200000425,0.08074999999507781,0.04899999998997373,11.841000000003987,0,3,20
2,596,136071,11.784958000021106,2.7715829999976904,1.8485829999974612,16.405833999982633,2,29,1560
2,597,136072,11.190916999993306,0.057667000021410786,0.02045899998392997,11.27012499998159,0,2,2
2,598,136073,11.979541000016525,52.22479200000407,51.74045799998339,115.94608300001141,0,22,33822
2,599,136074,12.610915999999861,10.173041999991028,7.278917000036245,30.063333999976294,4,39,5940
2,600,136075,11.924457999981541,0.5082080000136102,0.3370420000123886,12.77058299999112,0,4,240
2,601,136076,11.948667000012847,0.4102919999979804,0.285874000013564,12.645458000008603,3,8,218
2,602,136077,11.611958000003142,9.744124999997439,8.50829099999828,29.86533400002145,0,4,6102
2,603,136078,11.693832999981169,0.14683399999171343,0.03399999997100167,11.875624999987622,1,3,16
2,604,136079,11.566874999999754,0.2642919999971127,0.17666599998733545,12.008584000000155,3,6,130
2,605,136080,11.896957999994129,56.57433399997558,54.20045900001469,122.67274999999245,0,28,36702
2,606,136081,12.153541999992967,0.8279580000021269,0.24025100000812927,13.222208000001956,1,9,188
2,607,136082,19.1187080000077,0.7259579999754351,0.4910829999857924,20.336417000009988,0,8,404
2,608,136083,11.909583000004886,10.990625000005139,9.069667000005666,31.971209000005274,0,18,6896
2,609,136084,11.772750000005772,1.064208000002509,0.617125000019314,13.454667000019072,0,18,484
2,610,136085,11.661250000003065,3.513709000003473,2.354209000003493,17.530083999986346,0,25,1990
2,611,136086,11.23145900001532,0.06320800000025883,0.018124999996871338,11.313290999993342,0,2,6
2,612,136087,11.428707999982635,17.8247499999884,15.196832999976095,44.4510419999915,0,4,11442
2,613,136088,12.06379199999219,0.2169169999888254,0.050623999982235546,12.332332999989148,0,2,24
2,614,136089,11.671957999993765,2.1233749999964857,1.4996249999796873,15.295375000022204,0,17,1250
2,615,136090,11.405458000012914,0.060541999999941254,0.02033399999845642,11.486959000023944,0,3,6
2,616,136091,11.666833000020915,0.14366699997481192,0.07754199998544209,11.889125000010381,1,4,54
2,617,136092,11.61812500001247,0.10262499998248131,0.0696669999911137,11.79104099998085,1,3,44
2,618,136093,11.590874999996004,0.5922080000004826,0.4912490000208436,12.675250000000915,0,5,344
2,619,136094,11.878499999994574,2.457708999997976,1.8880840000008448,16.22454200000334,0,8,1572
2,620,136095,11.756166999987272,0.07470799999964584,0.030542000018840554,11.8617919999906,1,3,16
2,621,136096,11.81945899998027,0.04237499999248939,0.02204200001187928,11.884499999979425,0,3,10
2,622,136097,11.759917000006226,0.6955409999989115,0.5059169999697133,12.961999999987484,0,5,400
2,623,136098,20.04237500000272,1.4128330000175993,1.0762919999933729,22.53195799997343,0,6,846
2,624,136099,11.45087500000841,5.8947919999923215,4.31104099999402,21.657167000000754,0,17,3556
2,625,136100,11.808625000014672,0.20862499999907413,0.10579199999938282,12.123958000017865,0,4,70
2,626,136101,11.897875000016711,0.32345799999689007,0.2038330000004862,12.426208999983146,0,5,156
2,627,136102,11.265750000006847,0.5752909999898748,0.31054100000460494,12.152166999982228,0,11,266
2,628,136103,11.621749999989106,0.012500000025283953,0.005458999993379621,11.640083000003187,0,1,0
2,629,136104,11.595666000005167,0.23079100000700237,0.1269169999886799,11.953667000000223,0,10,96
2,630,136105,11.851667000001953,0.03741599999784739,0.020750000004454705,11.910666000005676,0,2,6
2,631,136106,11.718040999994628,20.128042000010282,16.02233399998454,47.8698750000035,0,14,12680
2,632,136107,11.725084000005381,29.032499999999573,23.842667999986134,64.60120799999913,2,11,18116
2,633,136108,12.07612500002142,0.6900420000022223,0.22291599998425227,12.989457999992737,2,18,174
2,634,136109,11.364624999998796,0.1289999999869451,0.08012500001086664,11.574292000005926,0,4,54
2,635,136110,11.82612499999891,0.2648749999991651,0.13812500003496098,12.229500000017879,0,13,108
2,636,136111,11.72070799998437,0.2575419999857331,0.1258329999984653,12.104958000008992,1,9,100
2,637,136112,11.854249999998956,0.06566700000121273,0.03891699998348486,11.959208999996918,1,4,22
2,638,136113,11.870334000008143,1.2535840000111875,0.8715840000093067,13.995957999981101,24,32,734
2,639,136114,19.87737499999298,0.0532089999865093,0.02433299999893279,19.955500000008897,0,2,6
2,640,136115,11.741708000016615,0.03654200000369201,0.0198330000102942,11.79870799998639,0,2,8
2,641,136116,11.669707999999446,63.34933400000864,50.645207999991726,125.66566700002113,0,81,38780
2,642,136117,12.342583999981116,0.6840409999995245,0.12012499999514148,13.14779200001226,6,10,82
2,643,136118,11.54187500000603,67.84533300000817,64.26966700001913,143.6582919999978,0,38,43522
2,644,136119,16.96762499997817,1.1282499999936135,0.41158400000540496,18.50829200000703,2,13,286
2,645,136120,11.688707999979897,32.741917000009835,27.466666999970357,71.89829099999656,1,16,20842
2,646,136121,11.790708999996014,8.024875000018028,5.912208000012242,25.728624999999283,4,13,4698
2,647,136122,11.518124999980728,41.61708300000555,41.76674900000421,94.90262500000313,2,12,27046
2,648,136123,11.874750000004042,11.867832999996608,9.230583999993769,32.97374999999647,0,13,7388
2,649,136124,12.088750000003756,2.969959000012068,2.1349170000064532,17.19433300002038,0,9,1862
2,650,136125,12.23320799999783,46.50995800000146,46.44300000001067,105.18766700002402,0,15,29804
2,651,136126,11.691915999989533,0.5670830000212845,0.06970900000169422,12.329458000010618,0,2,42
2,652,136127,12.047958000010794,14.847374999988006,11.974959000013996,38.87120900000696,0,12,9356
2,653,136128,11.798583000000917,70.38858300001039,65.82729199999449,148.01554100000658,0,28,45020
2,654,136129,11.790082999993956,5.19929099999672,3.345415999973511,20.33620799997493,0,27,2704
2,655,136130,18.064000000009628,0.8223340000199642,0.6214180000085889,19.508665999978803,0,6,462
2,656,136131,11.779000000018414,2.2614169999997102,1.7222920000108388,15.763416999988067,1,10,1350
2,657,136132,11.659125000022641,5.563582999997152,4.20270899999764,21.42641599999706,11,19,3356
2,658,136133,11.751791000023104,0.12316699999814773,0.02358300000082636,11.899375000012924,0,2,8
2,659,136134,11.616209000010258,0.13516699999627235,0.09850000000710679,11.850499999980002,1,3,68
2,660,136135,11.675917000019354,0.044458999980179215,0.021459000009826923,11.742583000000195,0,3,8
2,661,136136,11.622916000021632,0.1814590000037697,0.11029099999859682,11.915458000004264,0,6,80
2,662,136137,11.519625000005362,0.5007910000074389,0.33333400000401525,12.35445799997592,2,8,266
2,663,136138,11.41733400001499,1.158250000003136,0.8512499999824286,13.427374999992026,0,7,686
2,664,136139,11.818167000001267,2.5992500000029395,2.0038749999855554,16.42233299997997,0,3,1586
2,665,136140,11.840709000011884,0.08712500002161505,0.041665999987117175,11.969832999994878,0,2,26
2,666,136141,11.575083999986191,1.9866669999828446,1.3280839999936234,14.89037500002155,3,20,1136
2,667,136142,11.807666000009931,0.26295800000752934,0.16941699999506454,12.240707999978895,2,5,116
2,668,136143,11.668249999985392,2.528834000003144,1.7195419999893602,15.917208000018945,1,21,1418
2,669,136144,10.955041999977766,862.8914159999965,512.4840000000006,1386.3317500000107,0,10526,420594
2,670,136145,12.663000000003422,7.704707999977245,0.13304100002642372,20.50183399998673,1,3,18
2,671,136146,19.21083299998827,40.6658330000198,40.88266700000531,100.76087500002018,1,12,26144
2,672,136147,11.862500000006548,0.41562500001646185,0.06416600001557526,12.343249999986483,2,4,38
2,673,136148,11.438666999993075,20.31270800000584,15.88212499999031,47.635209000020495,1,26,12414
2,674,136149,11.975792000015417,0.5754590000037751,0.25941699999521006,12.811625000011873,0,8,188
2,675,136150,11.693291999989697,0.31191599998692254,0.20733400000949587,12.213541000022587,1,9,140
2,676,136151,12.028749999984711,43.33074999999553,42.467957999974715,97.8287499999908,0,41,27450
2,677,136152,11.856665999999905,4.227833999976838,2.790041000025667,18.875459000014416,2,33,2272
2,678,136153,11.201625000012427,5.59033300001488,4.2889169999966725,21.082083999999668,0,9,3500
2,679,136154,11.917750000009164,21.40929199998709,18.105459000025803,51.43370900000832,0,14,13376
2,680,136155,11.957666999990124,2.1949579999898106,1.4810000000125,15.634584000025598,1,31,1176
2,681,136156,11.461500000024216,10.576917000008734,8.967998999992233,31.007458999994242,2,9,6528
2,682,136157,11.565208000007487,0.23150000001237458,0.0877079999952457,11.885542000015903,0,4,40
2,683,136158,11.964457999994238,0.2405420000002323,0.16679099996963487,12.372833999990007,4,8,128
2,684,136159,11.516083999993043,5.22424999999771,3.7794990000179496,20.520624999988968,1,20,3058
2,685,136160,11.544165999993083,44.22937500001467,43.35166699999604,99.12695900001722,0,13,28352
2,686,136161,11.607166999993979,4.832125000007181,2.7514170000131344,19.191292000016347,0,69,2344
2,687,136162,19.84354199998961,2.03991699999051,1.48166699997887,23.366167000006044,1,10,1258
2,688,136163,11.224249999997937,52.21962500002064,52.08250000001158,115.52795899999069,1,15,33244
2,689,136164,11.55704100000321,1.2485000000026503,0.4775419999987207,13.28445800001532,0,4,396
2,690,136165,11.651084000021683,0.05870900000104484,0.020582999979978922,11.731416999992916,0,2,4
2,691,136166,11.828624999992599,55.733292000013535,53.46274999999423,121.02600000000052,1,11,35546
2,692,136167,11.897792000013396,1.0490410000159045,0.3397080000127062,13.28737499997601,0,5,278
2,693,136168,11.482625000013513,0.7745830000089882,0.5286239999975351,12.78612500001941,0,9,426
2,694,136169,11.61120899999446,3.638625000007778,2.4600419999671885,17.710415999999896,3,48,2016
2,695,136170,11.577958000003719,70.61674999999923,65.45050000002561,147.64654199998972,1,15,44800
2,696,136171,11.998417000000927,0.833292000010033,0.21454099999118625,13.047416000006251,3,5,156
2,697,136172,11.28537499999993,0.06908399998906134,0.030874999993102392,11.386291000007986,0,4,14
2,698,136173,11.736249999984238,0.2615420000040558,0.15787500001351873,12.156541999985393,0,9,116
2,699,136174,11.791500000015276,0.09954199998674085,0.06687500001589797,11.958542000002126,1,3,48
2,700,136175,11.68845800000895,0.39854199999922457,0.2459570000041822,12.333333000015045,2,12,190
2,701,136176,11.900958000012452,1.8104999999764004,1.3343750000274213,15.046584000003804,0,6,1088
2,702,136177,11.618042000009154,50.84500000000958,49.89795800000252,112.3614580000094,0,29,32394
2,703,136178,20.470832999990307,0.4477909999991425,0.025665999999091582,20.945208000000548,0,2,8
2,704,136179,11.703999999980397,0.28829199999336197,0.22191699997620162,12.214999999997644,1,4,162
2,705,136180,11.845375000007152,1.360833000006778,0.9627499999851352,14.16933300001233,0,9,794
2,706,136181,11.47970799999598,8.014250000002221,6.179458000019622,25.674082999984194,1,28,4794
2,707,136182,11.210458999983075,0.09283299999651717,0.009459000011702301,11.31366699999603,0,1,0
2,708,136183,11.913708000008683,0.6829589999881591,0.4527919999759433,13.049999999992679,3,14,354
2,709,136184,11.506375000010394,0.0854580000009264,0.06683299997689574,11.659334000000854,0,2,34
2,710,136185,11.659250000008115,0.5425409999872954,0.3746669999884489,12.577208999999812,0,9,286
2,711,136186,11.101624999980686,72.88312500000416,68.46916599999986,152.45508300000665,1,18,46238
2,712,136187,11.867790999986028,0.6364999999846077,0.05870799998319853,12.563375000013366,0,3,36
2,713,136188,11.61766699999589,80.40349999998853,83.48529100001656,175.50787499999387,0,17,51218
2,714,136189,12.378458000000592,0.7488329999887355,0.05745800001477619,13.186250000018163,1,3,26
2,715,136190,11.952957999994851,0.19379200000457786,0.11616599999797472,12.263625000002776,0,6,86
2,716,136191,11.635458000000654,88.33425000000261,89.58491600000684,189.5556670000076,0,15,57536
2,717,136192,14.782249999996111,0.935624999982565,0.15033399998287678,15.868917000005922,0,8,108
2,718,136193,11.665334000014127,0.9865830000137521,0.749667000008003,13.402166000020088,0,3,592
2,719,136194,19.465624999980946,0.3902079999988928,0.30270900001028167,20.159333000009383,0,7,198
2,720,136195,11.739250000005086,0.0899580000179867,0.052082999985714196,11.882040999978472,0,3,32
2,721,136196,11.66204199998333,0.20387499998264502,0.11737499997366285,11.983958000001849,1,8,88
2,722,136197,12.053417000004174,0.11349999999765714,0.073290999978326,12.241082999992159,0,2,52
2,723,136198,11.779082999993307,0.027041000009830896,0.01366699999039156,11.820249999999533,1,2,4
2,724,136199,11.909250000002203,20.606834000005847,17.53120799997987,50.048708000019815,0,8,13082
2,725,136200,12.301750000005995,1.486584000019775,1.0190839999779655,14.808333000019047,3,7,810
2,726,136201,11.771999999979244,4.958916999981966,3.390916000029165,20.12291700000901,0,31,2786
2,727,136202,11.381625000012718,0.05308299998318944,0.00591599999211212,11.441249999990077,0,1,0
2,728,136203,11.68487499998605,0.15008400001192967,0.11054200001581194,11.945958000012524,0,3,76
2,729,136204,11.845333999985996,0.09008300000346026,0.056541999981618574,11.992290999984334,1,4,36
2,730,136205,12.064417000004823,0.028042000025152447,0.014291000013599842,12.107124999999996,1,2,4
2,731,136206,11.45683299998268,48.745542000006026,47.10683399997606,107.31045899999003,18,28,31090
2,732,136207,11.779000000018414,2.313416000021107,1.0850410000102784,15.177833999985069,3,27,936
2,733,136208,11.595499999998538,0.15025000001855915,0.08541700000819219,11.83195800001613,3,7,50
2,734,136209,11.74024999997414,0.850250000013375,0.6416239999964546,13.232832999989341,2,9,492
2,735,136210,25.77116700001625,0.9453339999936361,0.5959579999910147,27.313165999999,0,15,506
2,736,136211,11.56333299999801,0.2913330000069436,0.18566600002145606,12.04116700000668,0,9,132
2,737,136212,12.082542000001695,0.06012499997609666,0.035999000004949266,12.17900000000327,1,3,20
2,738,136213,11.613333000013881,0.54404100001193,0.4330840000079661,12.591458999992255,0,4,288
2,739,136214,11.773167000001195,0.4133329999831403,0.27920799999492374,12.466666999984,0,6,210
2,740,136215,11.742458000014722,14.561374999999543,11.97195900002157,38.276459000002205,1,23,9184
2,741,136216,11.199792000013531,0.1431250000223372,0.007291999992276033,11.350708000009035,0,1,0
2,742,136217,11.719707999986895,0.196582999990369,0.10995900001375958,12.026792000000341,1,11,84
2,743,136218,11.762208000021701,7.156041999991203,5.67379200001028,24.59274999998229,0,14,4434
2,744,136219,11.577999999985877,0.5109159999960866,0.30916600002228734,12.399208000005046,7,12,236
2,745,136220,11.533165999992434,0.0448749999861775,0.02383300000019517,11.602291999992076,0,2,10
2,746,136221,12.222125000022288,18.947875000009162,16.459082999972452,47.62970900000596,3,16,11910
2,747,136222,11.655000000018845,7.144583000012972,5.6504579999909765,24.45083300000306,0,4,4288
2,748,136223,11.686166999993475,0.2617499999928441,0.1357089999771688,12.08445899999333,0,5,96
2,749,136224,11.715874999993048,0.09337500000583532,0.05083400000671645,11.860500000011598,1,5,32
2,750,136225,11.592458999984956,0.33758399999328503,0.21270799999228984,12.14333300001158,1,10,168
2,751,136226,19.870792000006077,0.19945899998674577,0.14175100000102248,20.212458999992577,0,9,76
2,752,136227,11.65912499999422,0.06008299999393785,0.03570800001284624,11.755332999996426,0,3,14
2,753,136228,11.758750000012697,64.13904200002207,61.51633299995751,137.41533299997855,0,13,41028
2,754,136229,12.06516700000293,0.8800410000162628,0.2281250000351065,13.174042000002828,2,8,164
2,755,136230,11.328708999997161,8.519833000008248,7.155041000004303,27.004583000007187,1,7,5432
2,756,136231,11.638250000004291,0.21512500001108492,0.09316700001704703,11.947249999991527,3,6,60
2,757,136232,11.929332999983444,56.21687500001826,55.41520799999944,123.56262500000526,0,45,35952
2,758,136233,13.179792000016732,0.4648750000058044,0.006541000004745001,13.65208299998244,0,1,0
2,759,136234,11.781709000018736,3.476000000006252,2.2002910000367137,17.45862499998907,1,53,1832
2,760,136235,11.70375000000945,0.4168330000027254,0.26754099999948266,12.388584000007086,0,9,206
2,761,136236,11.006250000008322,0.17254200000138553,0.11820899999293033,11.297874999996793,2,5,82
2,762,136237,11.895041000002493,18.3353329999818,15.300499999995054,45.532041999990724,0,10,11584
2,763,136238,11.877917000020943,1.0666670000034628,0.5709169999761343,13.516334000001962,0,7,472
2,764,136239,14.03099999998858,49.055457999998,49.150416999992785,112.238375000004,1,15,31002
2,765,136240,11.890749999992067,0.5600419999893802,0.07729099999664868,12.528542000012521,1,6,52
2,766,136241,11.545167000008405,0.08745799999587689,0.05362499999250758,11.687166000001525,0,3,28
2,767,136242,20.065791999996918,8.107499999994161,6.113875000011149,34.28816599998186,0,24,4998
2,768,136243,11.873792000017147,0.46029199998542936,0.2513329999942471,12.586125000012771,4,6,160
2,769,136244,11.67758400001162,0.05204200002140169,0.02833400000668007,11.75908300001538,1,2,10
2,770,136245,11.73195800001281,0.1517089999936161,0.07679099999791106,11.961334000005763,0,7,52
2,771,136246,11.564999999990278,0.16158300002189208,0.1093330000117021,11.837041999996245,1,4,76
2,772,136247,11.403500000000122,0.08654199999114098,0.0559169999974074,11.546874999993406,2,4,30
2,773,136248,11.681832999983044,2.838999999994485,2.169917000003352,16.692083999998886,0,9,1766
2,774,136249,11.589291000007051,0.058375000008936695,0.018833000012818957,11.666832999992494,0,2,6
2,775,136250,11.809124999984988,1.7531670000039412,1.0841250000055425,14.64687500001105,1,26,910
2,776,136251,11.89166700001465,0.3174999999941974,0.19666700003995174,12.406457999986742,0,5,150
2,777,136252,11.838415999989138,0.056208000017932136,0.029333999975733605,11.924542000002702,0,3,10
2,778,136253,11.789958999997907,2.721458000024768,2.13662400000203,16.648750000001655,0,7,1654
2,779,136254,11.73850000000698,4.00416600001563,2.7238339999939853,18.467125000000806,1,22,2298
2,780,136255,11.535457999997334,0.10424999999258944,0.04174999997985651,11.682541999988416,0,2,10
2,781,136256,11.708625000011352,1.234124999996311,0.9315839999999298,13.874917000009646,0,8,744
2,782,136257,11.42150000001152,0.2367080000169608,0.16558300001179305,11.82441700001391,1,4,118
2,783,136258,20.084875000009106,103.75620799999297,100.2904590000071,224.13266699999213,2,25,66200
2,784,136259,12.046833999988849,0.8839160000206903,0.03266699997084288,12.96387499999696,1,3,14
2,785,136260,11.608625000008033,0.18574999998577368,0.11424999999576357,11.909292000012783,0,3,86
2,786,136261,11.889542000005804,0.04200000000764703,0.020792000015035228,11.95304199998759,1,3,8
2,787,136262,11.441207999979497,0.42487499999310785,0.28262500003961577,12.149542000003066,0,11,210
2,788,136263,11.900666000002502,0.5101670000158265,0.35475000001383705,12.76658300000122,0,5,278
2,789,136264,11.839207999997825,0.48845800000663075,0.2658749999966403,12.594500000005837,3,20,206
2,790,136265,11.770124999998188,0.12695800000983581,0.08591700003535152,11.983540999978004,2,4,58
2,791,136266,11.821749999995745,12.767334000017172,10.476874999994834,35.067416999993384,1,13,7994
2,792,136267,12.051374999998643,10.47029200000793,7.62995799999544,30.152458000003435,0,23,6192
2,793,136268,12.029084000005241,77.61525000000802,79.78791700000443,169.43333300000063,1,30,49564
2,794,136269,11.707666000006611,1.2962920000063605,0.47737500000266664,13.482249999981377,0,4,396
2,795,136270,11.47154200000955,0.12924999998631392,0.0633739999784666,11.665166999989651,0,7,38
2,796,136271,11.734375000003183,0.009292000015648227,0.004959000023063709,11.748958999987735,0,1,0
2,797,136272,11.69133299998748,0.0944589999960499,0.07204200002774996,11.858500000016647,0,2,36
2,798,136273,11.699958999997762,32.55462500001727,35.94116700000427,80.19679100002008,0,2,21074
2,799,136274,19.951165999998466,0.441207999983817,0.09141700002146536,20.484791999990648,0,4,60
2,800,136275,11.818083000008528,20.97370899997486,17.520999999987907,50.313916999982666,0,8,13336
2,801,136276,12.204166999993049,0.6349169999850801,0.3088750000017626,13.149125000012418,4,7,222
2,802,136277,13.941499999987172,1.680042000003823,1.1897919999626083,16.812125000001288,0,18,952
2,803,136278,11.253582999984246,0.4896670000107406,0.3272089999768468,12.071334000012257,1,9,242
2,804,136279,11.9173749999959,68.99920800000814,63.84887499996239,144.76679100002343,6,39,43540
2,805,136280,12.22475000000145,0.6963749999897573,0.07375000001275112,12.995666999984223,1,4,44
2,806,136281,11.496042000004536,1.7992080000226451,1.2652489999993577,14.561708000002227,1,6,1016
2,807,136282,11.51908400001389,0.11087499999007377,0.051458000001503024,11.682084000000259,0,3,24
2,808,136283,11.870625000000246,0.04304199998728109,0.02345800001535281,11.937541999998302,1,3,10
2,809,136284,12.719583000006196,45.12070799998469,45.928957999990416,103.77083299999867,0,10,28638
2,810,136285,11.699167000017496,23.266499999976986,19.268666999977313,54.23491700000227,0,36,14572
2,811,136286,11.732292000004918,0.27108300000122654,0.060541000010516655,12.064833000010822,1,3,34
2,812,136287,11.899999999997135,35.29154200001017,37.45858300001714,84.65158300001008,0,13,22774
2,813,136288,11.961333000016339,0.6459170000141512,0.23195799997210997,12.840041999993446,0,4,162
2,814,136289,11.35712499998931,0.09020900000678012,0.06049999998936073,11.508749999990187,1,3,34
2,815,136290,20.6221249999885,0.035999999994373866,0.01900000000887303,20.67795799999317,1,2,4
2,816,136291,11.932959000006349,47.05466699999761,46.005250000007436,104.99466699999971,0,38,29696
2,817,136292,11.901416000000609,0.6573750000029577,0.16858300003264048,12.72829199999137,7,9,128
2,818,136293,11.485208000010516,0.19129099999304344,0.11625100000856037,11.793291999993016,6,10,86
2,819,136294,11.816667000005054,5.352666999982603,4.0020839999783675,21.172124999992548,1,13,3214
2,820,136295,11.599790999980542,0.10583300002053875,0.02866599999151731,11.735000000015816,0,3,14
2,821,136296,11.967584000018405,0.10591599999543178,0.07208300002048418,12.14650000000006,1,5,38
2,822,136297,11.740957999990087,0.2004170000020622,0.12595899997336346,12.068124999984775,5,8,92
2,823,136298,11.665792000002284,47.23375000000374,47.412041999962184,106.3130000000001,4,9,30388
2,824,136299,11.463083999984747,3.5823749999792653,2.243332999995573,17.28958300000727,1,21,1890
2,825,136300,10.919333000003917,6.303333000005296,4.821626000051538,22.045292000001382,0,10,3796
2,826,136301,11.604000000005499,50.367792000002964,49.62237500001265,111.5950420000047,0,11,32112
2,827,136302,11.484625000008464,0.811084000019946,0.20204300000159492,12.498583999985158,0,8,154
2,828,136303,11.376333000015393,1.7562080000175229,1.3540420000026643,14.487624999986792,0,18,1036
2,829,136304,11.353708999990886,21.42083299997921,18.01554200000055,50.79179100002307,2,22,13350
2,830,136305,11.36387500000069,0.2752499999871816,0.0365409999858457,11.676875000006248,0,3,14
2,831,136306,19.73325000000159,0.07958400001939481,0.050625999989506454,19.86437499999738,0,3,30
2,832,136307,11.501542000019072,1.4061659999811127,0.8216669999967507,13.729916000016829,0,28,682
2,833,136308,11.573833999989347,0.09370799998009716,0.047125000008918505,11.715124999994941,0,5,28
2,834,136309,11.880875000002789,105.71200000001113,103.27866600002267,220.87350000001038,1,31,67538
2,835,136310,11.944083000003047,68.98045899998806,70.91845799999419,151.84416700000725,0,12,43316
2,836,136311,15.67812499999377,0.8425000000045202,0.2450830000100268,16.766833000019687,1,6,178
2,837,136312,11.6294159999768,0.1614170000152626,0.10054099999479149,11.891832999992857,0,5,72
2,838,136313,11.975665999983676,100.43145800000275,90.30137499999569,202.70949999999743,1,38,63560
2,839,136314,12.191249999972342,0.8131670000182112,0.024374999981091605,13.029749999986961,0,2,4
2,840,136315,12.026332999994338,0.5507500000021537,0.40304199998786316,12.980499999997619,3,9,302
2,841,136316,11.739542000015035,0.35787500002015804,0.21412500001360968,12.311917000005224,5,18,160
2,842,136317,11.54204100001266,1.0992079999994075,0.7445409999888852,13.386166999993065,1,8,600
2,843,136318,11.073624999994536,0.34437499999739885,0.25641799999220893,11.674707999986822,0,6,182
2,844,136319,11.849249999983158,38.96237500001121,40.1869579999925,90.99949999998103,1,32,24848
2,845,136320,12.057290999990755,1.6103339999915534,0.8507510000015372,14.519207999995842,2,17,684
2,846,136321,11.686666000002788,0.06233300001667885,0.03337500001521221,11.783459000014318,0,2,14
2,847,136322,18.92300000000091,0.7149169999820515,0.5152500000065174,20.154042000001482,0,13,378
2,848,136323,11.818000000005213,0.9010830000022452,0.5893340000113767,13.308833000024833,2,13,476
2,849,136324,11.674959000004037,12.041374999995469,9.124791999965964,32.84200000001647,0,34,7446
2,850,136325,12.06404199999156,77.34091599999715,70.84216699999502,160.24879099998657,0,19,48930
2,851,136326,12.17683400000169,1.2619160000042484,0.43754199998602417,13.876999999979489,0,10,322
2,852,136327,11.632708999997021,5.676749999992126,4.488374999993994,21.798457999977927,0,11,3504
2,853,136328,11.64812499999357,17.985791999990397,14.428207999998222,44.062790999987556,0,21,11230
2,854,136329,11.881917000010844,14.587624999990112,12.16295900002251,38.63304099999709,4,12,9150
2,855,136330,11.841457999992144,1.4892090000273583,0.8305000000063956,14.16150000000016,0,32,698
2,856,136331,12.032166000011557,0.11987499999577267,0.06500000000642103,12.21804200000065,0,2,38
2,857,136332,11.963584000000083,0.12229200001456775,0.08079299996666123,12.167500000003884,1,4,50
2,858,136333,11.69608300000391,0.05841700001951722,0.03620800001158386,11.791541999997435,0,2,20
2,859,136334,11.825124999973013,0.21212499999023748,0.13541699999564116,12.173250000017788,9,14,92
2,860,136335,11.585582999998678,0.7527909999964777,0.45887499999253123,12.798083000006955,0,12,364
2,861,136336,11.582167000000254,1.9847499999912088,1.5153340000040316,15.082540999998173,0,12,1192
2,862,136337,11.70012499997597,0.29387499998279054,0.15412500002298657,12.148417000020117,0,8,118
2,863,136338,19.64900000001535,0.37416600000028666,0.2580830000340484,20.282041999990952,0,7,192
2,864,136339,11.661125000017591,3.4892080000190617,2.4819170000114354,17.632834000011144,0,20,2084
2,865,136340,12.106834000007893,0.23595799999043265,0.1659160000144766,12.50920800001154,1,3,108
2,866,136341,11.743375000008882,27.995957999991106,24.804582999962577,64.5447089999891,1,15,17534
2,867,136342,11.868375000005926,8.92958299999691,6.738998999992418,27.537582999997312,16,27,5398
2,868,136343,11.821166999993693,0.4720830000053411,0.23666600000638027,12.530375000011418,0,13,188
2,869,136344,12.011083000004419,39.39987500001507,31.397832999999764,82.80991699999163,2,48,24486
2,870,136345,11.811499999993202,4.821792000001324,3.494041000010384,20.12779199998249,1,8,2820
2,871,136346,11.239625000001752,0.7052090000172484,0.4629169999930127,12.4083750000068,1,7,366
2,872,136347,11.637667000002239,60.011959000007664,57.974874999985104,129.6260000000018,0,12,38210
2,873,136348,11.488667000008945,0.7960000000082346,0.18079099999113168,12.466499999987946,1,4,116
2,874,136349,11.402792000012596,0.4105829999900834,0.26908300000627605,12.083500000017011,3,15,194
2,875,136350,11.752333999993425,0.8489169999847945,0.6728330000100868,13.274916999989728,1,12,492
2,876,136351,11.962082999986023,1.7613330000187943,1.2062069999956293,14.930041000013716,4,22,998
2,877,136352,11.699124999978494,0.3005419999908554,0.18991599998230413,12.190457999992077,0,5,154
2,878,136353,11.419917000011992,0.09820899998658206,0.0516249999975571,11.570499999976391,3,6,30
2,879,136354,19.775792000018555,36.12649999999462,37.34595800003149,93.24949999998466,4,11,23582
2,880,136355,16.006790999995246,6.962208999993891,5.3966669999852,28.374708999990617,0,5,4154
2,881,136356,11.898000000002185,2.2154999999770553,1.6531239999721947,15.767500000009704,1,7,1308
2,882,136357,11.951624999994692,1.7947089999950094,1.3221659999942403,15.06925000001047,6,10,1032
2,883,136358,11.79787499998497,35.255207999995264,37.4111669999877,84.46541699998988,0,10,22854
2,884,136359,11.810625000009622,47.00012500001094,47.48712399998567,106.29920799999582,0,9,30316
2,885,136360,11.78045899999347,44.64054199999623,45.519126000016286,101.94162499999493,0,5,28808
2,886,136361,11.809207999988303,1.538832999983697,0.7754169999998339,14.124000000009573,1,24,662
2,887,136362,11.73279099998581,0.05308400000103575,0.027375000001939043,11.81429199999684,0,2,8
2,888,136363,11.539957999985972,1.1217089999888685,0.8477089999701093,13.509875000011107,0,5,686
2,889,136364,11.234374999986585,0.17616599998859783,0.10683299998959228,11.517749999995885,1,4,70
2,890,136365,11.84591700001647,57.62995799997839,45.81700099998898,115.29454099999725,0,128,35460
2,891,136366,11.881625000000895,0.6718329999841899,0.1048329999946418,12.659334000005629,3,7,70
2,892,136367,11.7357499999855,0.04804200000307901,0.028498999995463237,11.813750000015943,0,2,10
2,893,136368,11.378542000016978,0.03633399998648201,0.020625999979984044,11.436624999987544,0,2,4
2,894,136369,11.696749999998701,13.9898340000002,11.493333999993638,37.1806660000118,0,15,8884
2,895,136370,19.74529099999245,0.24233299998854818,0.05712399999424633,20.045708999987255,1,4,34
2,896,136371,11.733416999987867,0.14758399998981986,0.07291700001132995,11.954624999987118,1,6,50
2,897,136372,11.71904200000995,0.4261249999899519,0.2739180000332908,12.419541000014078,0,10,202
2,898,136373,11.87525000000278,8.817416999988836,7.153708999993569,27.847374999993235,0,5,5630
2,899,136374,11.590917000006584,0.3578329999811558,0.1799160000075517,12.129082999990715,2,6,124
2,900,136375,11.811834000013732,0.1116249999881802,0.061041999970257166,11.985582999983535,0,6,36
2,901,136376,11.949167000011585,0.28683400000772963,0.1932499999952597,12.429708000013306,0,4,160
2,902,136377,11.5165419999812,0.65795800000501,0.4292090000035387,12.604540999973324,0,11,344
2,903,136378,11.87854100001573,6.5117089999944255,39.4068749999974,57.79820899999777,1,20,4000
2,904,136379,14.217207999990933,5.996000000010326,4.800416999984236,25.01399999999876,0,11,3698
2,905,136380,11.718290999993997,15.270249999986163,13.211582999986149,40.20141699999158,1,8,9798
2,906,136381,11.896583999998711,0.2899589999856289,0.10287599999969643,12.289791000000605,0,2,74
2,907,136382,11.820125000014059,4.023875000001453,2.6846659999932854,18.529666999995698,0,74,2222
2,908,136383,11.927708000001758,0.08470899999224457,0.03133299998125949,12.04450000000179,2,3,16
2,909,136384,11.744374999977936,0.0935829999946236,0.04645800001412681,11.885042000017165,3,6,22
2,910,136385,11.599958000005017,0.3986659999952735,0.225040999993098,12.2244579999915,0,9,174
2,911,136386,17.343083000014303,2.7570420000131435,2.0904590000441203,22.191124999977774,0,13,1710
2,912,136387,11.621499999989737,0.3794159999870317,0.22941699998568765,12.23120800000288,0,8,184
2,913,136388,11.763125000015862,0.29437499998152816,0.15541699997356773,12.21400000000017,1,9,112
2,914,136389,11.690375000000586,0.09137500001088483,0.0565839999921991,11.838874999995141,0,3,36
2,915,136390,11.738707999995768,0.5115409999802978,0.33308300001522184,12.58366699997282,6,10,266
2,916,136391,11.415249999998878,15.011415999993005,11.29183299997294,37.719457999997985,0,26,9068
2,917,136392,11.698749999993652,0.1864170000089871,0.019167000004927104,11.905332999987195,0,2,4
2,918,136393,11.446666000011874,0.5810419999932037,0.4657919999999649,12.493833000007726,10,17,344
2,919,136394,11.639790999993238,0.0742079999724865,0.04370800002106989,11.75808400000733,0,2,26
2,920,136395,11.76741699998729,4.524709000008897,3.4166669999819987,19.709583000008024,5,30,2622
2,921,136396,11.569541999989497,37.521792000006826,39.85516599999528,88.94762500000297,0,3,24052
2,922,136397,11.693000000008169,0.4967090000036478,0.09858399999984613,12.288541999993186,2,5,56
2,923,136398,11.884082999984003,47.285290999980134,45.55041599999754,104.72108300001537,0,55,29784
2,924,136399,11.834457999981396,0.9772909999981039,0.3415419999726055,13.153750000014952,0,10,268
2,925,136400,11.827541000002384,36.31016700001055,38.28354199998785,86.4225420000082,0,7,23020
2,926,136401,11.859709000020757,0.5570000000147957,0.18245900000124493,12.600291000012476,3,6,124
2,927,136402,17.483375000011847,79.82945800000607,83.30329199998232,180.6172499999832,1,22,51380
2,928,136403,11.87300000000846,6.649999999979173,4.5130000000312975,23.037415999993982,1,8,3724
2,929,136404,11.894917000006444,24.813582999996697,20.58441599999128,57.29358299998921,0,12,15964
2,930,136405,11.892582999990964,70.32029200001944,65.43408300001374,147.64866699999857,0,20,45250
2,931,136406,11.643375000005562,76.69766600000116,78.7315829999784,167.07383299998924,0,13,49364
2,932,136407,11.81312500000331,1.0164159999987987,0.17412500000091313,13.004499999993868,0,9,126
2,933,136408,11.768749999987449,2.267125000003034,1.7569580000156293,15.793624999986378,1,11,1480
2,934,136409,11.90233299999477,21.79858400000967,18.103167000020903,51.805208000018865,1,13,13794
2,935,136410,11.823082999995904,0.932208999984141,0.4308740000169564,13.18654199999969,1,17,362
2,936,136411,11.734166999985973,5.012291000014102,3.8678340000046774,20.615208999998913,0,10,3014
2,937,136412,11.401542000015752,1.2683749999951033,0.8600830000204951,13.530457999991086,0,6,720
2,938,136413,12.06391599998824,0.49141700000632227,0.3425409999806561,12.898167000003014,1,8,264
2,939,136414,11.782500000009577,0.4752909999865551,0.3406670000174472,12.599166000001105,1,7,264
2,940,136415,11.610790999981191,0.08062500000960426,0.03679200000306082,11.728916999999228,1,5,18
2,941,136416,11.764957999986336,0.06412499999441934,0.031624999991208824,11.861250000009704,0,3,18
2,942,136417,11.635541000003968,11.07283300001427,9.225415999992492,31.93491700000095,0,5,6892
2,943,136418,17.31316699999752,0.13399999997432133,0.02566699998851618,17.473666000000776,0,2,10
2,944,136419,11.6079999999954,0.009042000016279417,0.009957000003169014,11.628207999990536,0,1,0
2,945,136420,11.664040999988856,0.05966599999851496,0.029583000014099525,11.753999999996267,0,3,14
2,946,136421,11.671541999987767,0.12862500000210275,0.0735000000133823,11.874249999976882,0,7,50
2,947,136422,11.659334000000854,1.0817090000045937,0.7005009999829781,13.442124999983207,2,15,572
2,948,136423,11.539916000003814,0.017499999984238457,0.006293000012647099,11.564625000005435,0,1,0
2,949,136424,11.897707999992235,0.1407080000035421,0.05516599995303295,12.094666999985293,0,7,38
2,950,136425,11.386791999996149,0.23937500000670298,0.17349999998828025,11.800415999999814,0,5,116
2,951,136426,11.747958000000835,0.028708000002097833,0.014541000012968652,11.791791000007379,0,2,2
2,952,136427,11.822040999987848,0.6775839999875188,0.3844170000206759,12.884458000002041,1,18,330
2,953,136428,11.672833000005767,1.544750000022077,1.246499999979278,14.464959000008548,0,7,904
2,954,136429,11.69483399999649,0.05654200001004028,0.0263750000044638,11.77854100001241,1,3,10
2,955,136430,11.956292000007807,0.09954199998674085,0.06529199998794866,12.12166700000239,1,4,42
2,956,136431,11.781500000012102,20.792540999991616,16.22220799998786,48.79699999997911,0,49,12868
2,957,136432,11.727124999993066,1.0851670000135982,0.6021659999646545,13.414874999995163,0,13,452
2,958,136433,11.628790999992589,0.8472500000209493,0.48391600000741164,12.960458000009112,0,14,382
2,959,136434,17.304999999993242,0.11020799999528208,0.051582999986976574,17.46762499999477,2,7,28
2,960,136435,11.804415999989715,0.13062499999705324,0.08899899998482397,12.024375000009968,0,3,58
2,961,136436,11.541833000023871,0.22100000001046283,0.12116600001377265,11.884750000007216,4,9,82
2,962,136437,11.611625000000458,34.42470800001729,36.14916600000129,82.18641700000262,0,21,22102
2,963,136438,11.495416999991903,40.024333000019396,32.56074999998759,84.08191699999179,0,30,24810
2,964,136439,11.781374999998206,0.37950000000819273,0.026958999995940758,12.188291999990497,0,2,10
2,965,136440,11.413290999996661,0.1819580000130827,0.13541699999564116,11.731292000007443,0,5,78
2,966,136441,11.859708999992336,0.08741700000314268,0.06700000000137152,12.014999999991005,0,2,38
2,967,136442,11.786540999992212,3.3938340000077005,2.5426670000285867,17.724041999997553,0,12,2070
2,968,136443,11.07308300001364,0.10224999999763895,0.05949900000246089,11.235292000009167,0,2,30
2,969,136444,11.882874999997739,3.999082999996517,2.5381669999831047,18.420790999982728,1,35,2208
2,970,136445,10.90241600002173,0.10062500001595254,0.03991700003780352,11.043791999981067,0,4,20
2,971,136446,11.76558299999897,0.03583299999831979,0.019874999992453013,11.821749999995745,1,3,6
2,972,136447,11.676166000000876,47.396208999998635,46.637000000004036,105.71020800000497,0,22,30276
2,973,136448,11.574749999994083,0.6463750000023083,0.1406670000108079,12.362334000016517,0,5,104
2,974,136449,12.028250000014395,0.6139169999812566,0.4549170000132108,13.097625000000335,1,7,358
2,975,136450,17.374000000017986,0.04425000000196633,0.01875099999892882,17.437416999996458,1,3,6
2,976,136451,11.74816700000747,0.21045799999797055,0.13837500000590808,12.09779100000219,3,8,98
2,977,136452,11.90329199999951,18.0435419999867,14.036916000009114,43.98462500000733,0,26,11230
2,978,136453,11.974415999986832,0.4173749999836218,0.18116600000439576,12.573750000001382,0,5,136
2,979,136454,11.91620800000237,0.28712499999983265,0.2015409999955864,12.405666999995901,2,6,152
2,980,136455,11.680500000011307,0.04758400001492191,0.023542000008092145,11.752249999972264,0,3,10
2,981,136456,12.066707999991877,57.37720799999124,53.700123999959715,123.14575000002037,0,16,36032
2,982,136457,11.958249999992177,0.9184170000082759,0.20683400001075825,13.084000000020524,0,7,168
2,983,136458,11.945375000010472,29.48645799997962,25.36929100000407,66.80249999999432,0,13,18942
2,984,136459,11.910375000013573,1.8039590000000771,0.97245799997836,14.687209000015855,0,20,840
2,985,136460,11.552125000008573,0.272874999978967,0.17962600000487328,12.005459000022256,1,4,136
2,986,136461,11.298124999996162,0.055000000003246896,0.035375000010162694,11.38941699997531,0,2,12
2,987,136462,11.63191599999891,0.10050000000205728,0.061291999998047686,11.794624999993175,0,4,34
2,988,136463,11.838124999997035,0.009459000011702301,0.005125000029693183,11.853166000008741,0,1,0
2,989,136464,11.765167000021393,63.84045900000501,61.43454200000065,137.0413329999849,0,27,40458
2,990,136465,11.918374999993375,0.6487919999926817,0.05624900001066635,12.623790999981566,1,7,32
2,991,136466,17.225082999999586,0.6627919999857568,0.4577489999917361,18.34608400000093,0,9,370
2,992,136467,11.88600000000406,0.13716699999122284,0.08616600001687402,12.109833000010894,0,5,56
2,993,136468,11.52212499999905,0.8049580000033529,0.5489170000032573,12.876375000018925,3,16,424
2,994,136469,11.675625000009404,0.43520899998839013,0.30562500000996806,12.417583999990711,9,13,218
2,995,136470,11.678832999990618,0.23933299999612245,0.12979199996721036,12.048334000013483,0,11,98
2,996,136471,11.535457999997334,0.11716699998487456,0.06120800003373006,11.714624999996204,0,5,32
2,997,136472,11.90324999998893,2.1199579999802154,1.656334000017523,15.679875000017773,1,4,1320
2,998,136473,11.884625000021742,21.636790999991717,17.23999999998682,50.76204200000234,0,27,13582
2,999,136474,11.697958000013386,0.42891600000416474,0.14920800001050338,12.276999999983218,0,6,100
